candidate_id,source,signature,clean__method,scale__method,pca__n_components,model__n_neighbors,model__metric,params_json,stage,cv_mean_accuracy,cv_std_accuracy,mean_removed_rows,total_fit_seconds,completed_folds
stage1_004,stage2_shortlist_from_stage1,"{""clean__method"": ""tomek"", ""model__metric"": ""manhattan"", ""model__n_neighbors"": 4, ""model__weights"": ""distance"", ""pca__n_components"": 48, ""scale__method"": ""robust""}",tomek,robust,48,4,manhattan,"{""clean__method"": ""tomek"", ""model__metric"": ""manhattan"", ""model__n_neighbors"": 4, ""model__weights"": ""distance"", ""pca__n_components"": 48, ""scale__method"": ""robust""}",stage2_cv,0.7726242115459497,0.007575205608537912,151.33333333333334,5.577,3
stage1_053,stage2_shortlist_from_stage1,"{""clean__method"": ""none"", ""model__metric"": ""manhattan"", ""model__n_neighbors"": 4, ""model__weights"": ""distance"", ""pca__n_components"": 40, ""scale__method"": ""standard""}",none,standard,40,4,manhattan,"{""clean__method"": ""none"", ""model__metric"": ""manhattan"", ""model__n_neighbors"": 4, ""model__weights"": ""distance"", ""pca__n_components"": 40, ""scale__method"": ""standard""}",stage2_cv,0.7713753991553757,0.0035623380473241767,0.0,2.817,3
stage1_018,stage2_shortlist_from_stage1,"{""clean__method"": ""tomek"", ""model__metric"": ""manhattan"", ""model__n_neighbors"": 4, ""model__weights"": ""distance"", ""pca__n_components"": 44, ""scale__method"": ""standard""}",tomek,standard,44,4,manhattan,"{""clean__method"": ""tomek"", ""model__metric"": ""manhattan"", ""model__n_neighbors"": 4, ""model__weights"": ""distance"", ""pca__n_components"": 44, ""scale__method"": ""standard""}",stage2_cv,0.7692500552959762,0.002773030212235612,151.33333333333334,4.396,3
stage1_012,stage2_shortlist_from_stage1,"{""clean__method"": ""lof_0.03"", ""model__metric"": ""manhattan"", ""model__n_neighbors"": 4, ""model__weights"": ""distance"", ""pca__n_components"": 56, ""scale__method"": ""standard""}",lof_0.03,standard,56,4,manhattan,"{""clean__method"": ""lof_0.03"", ""model__metric"": ""manhattan"", ""model__n_neighbors"": 4, ""model__weights"": ""distance"", ""pca__n_components"": 56, ""scale__method"": ""standard""}",stage2_cv,0.7688748208799482,0.009392328072857878,160.0,4.421,3
stage1_081,stage2_shortlist_from_stage1,"{""clean__method"": ""none"", ""model__metric"": ""manhattan"", ""model__n_neighbors"": 4, ""model__weights"": ""distance"", ""pca__n_components"": 64, ""scale__method"": ""robust""}",none,robust,64,4,manhattan,"{""clean__method"": ""none"", ""model__metric"": ""manhattan"", ""model__n_neighbors"": 4, ""model__weights"": ""distance"", ""pca__n_components"": 64, ""scale__method"": ""robust""}",stage2_cv,0.7687493676943795,0.00433502399146516,0.0,4.3309999999999995,3
stage1_043,stage2_shortlist_from_stage1,"{""clean__method"": ""none"", ""model__metric"": ""manhattan"", ""model__n_neighbors"": 6, ""model__weights"": ""distance"", ""pca__n_components"": 48, ""scale__method"": ""robust""}",none,robust,48,6,manhattan,"{""clean__method"": ""none"", ""model__metric"": ""manhattan"", ""model__n_neighbors"": 6, ""model__weights"": ""distance"", ""pca__n_components"": 48, ""scale__method"": ""robust""}",stage2_cv,0.7671255552920851,0.005563780652072447,0.0,5.646000000000001,3
stage1_106,stage2_shortlist_from_stage1,"{""clean__method"": ""lof_0.05"", ""model__metric"": ""manhattan"", ""model__n_neighbors"": 4, ""model__weights"": ""distance"", ""pca__n_components"": 60, ""scale__method"": ""robust""}",lof_0.05,robust,60,4,manhattan,"{""clean__method"": ""lof_0.05"", ""model__metric"": ""manhattan"", ""model__n_neighbors"": 4, ""model__weights"": ""distance"", ""pca__n_components"": 60, ""scale__method"": ""robust""}",stage2_cv,0.7606247737412418,0.006255302037328708,268.0,4.89,3
stage1_056,stage2_shortlist_from_stage1,"{""clean__method"": ""lof_0.05"", ""model__metric"": ""euclidean"", ""model__n_neighbors"": 4, ""model__weights"": ""distance"", ""pca__n_components"": 40, ""scale__method"": ""standard""}",lof_0.05,standard,40,4,euclidean,"{""clean__method"": ""lof_0.05"", ""model__metric"": ""euclidean"", ""model__n_neighbors"": 4, ""model__weights"": ""distance"", ""pca__n_components"": 40, ""scale__method"": ""standard""}",stage2_cv,0.7572497267548983,0.004412581914852466,268.0,1.517,3
stage1_023,stage2_shortlist_from_stage1,"{""clean__method"": ""none"", ""model__metric"": ""euclidean"", ""model__n_neighbors"": 4, ""model__weights"": ""distance"", ""pca__n_components"": 36, ""scale__method"": ""standard""}",none,standard,36,4,euclidean,"{""clean__method"": ""none"", ""model__metric"": ""euclidean"", ""model__n_neighbors"": 4, ""model__weights"": ""distance"", ""pca__n_components"": 36, ""scale__method"": ""standard""}",stage2_cv,0.7557508987295568,0.007497618408064224,0.0,0.7619999999999999,3
stage1_059,stage2_shortlist_from_stage1,"{""clean__method"": ""lof_0.03"", ""model__metric"": ""euclidean"", ""model__n_neighbors"": 6, ""model__weights"": ""distance"", ""pca__n_components"": 48, ""scale__method"": ""robust""}",lof_0.03,robust,48,6,euclidean,"{""clean__method"": ""lof_0.03"", ""model__metric"": ""euclidean"", ""model__n_neighbors"": 6, ""model__weights"": ""distance"", ""pca__n_components"": 48, ""scale__method"": ""robust""}",stage2_cv,0.7529998828916078,0.00418575283948024,160.0,1.8039999999999998,3
stage1_017,stage2_shortlist_from_stage1,"{""clean__method"": ""tomek"", ""model__metric"": ""euclidean"", ""model__n_neighbors"": 6, ""model__weights"": ""distance"", ""pca__n_components"": 40, ""scale__method"": ""robust""}",tomek,robust,40,6,euclidean,"{""clean__method"": ""tomek"", ""model__metric"": ""euclidean"", ""model__n_neighbors"": 6, ""model__weights"": ""distance"", ""pca__n_components"": 40, ""scale__method"": ""robust""}",stage2_cv,0.7521255079424148,0.004311557711569965,151.33333333333334,2.303,3
stage1_098,stage2_shortlist_from_stage1,"{""clean__method"": ""tomek"", ""model__metric"": ""euclidean"", ""model__n_neighbors"": 6, ""model__weights"": ""distance"", ""pca__n_components"": 40, ""scale__method"": ""standard""}",tomek,standard,40,6,euclidean,"{""clean__method"": ""tomek"", ""model__metric"": ""euclidean"", ""model__n_neighbors"": 6, ""model__weights"": ""distance"", ""pca__n_components"": 40, ""scale__method"": ""standard""}",stage2_cv,0.7517505548115563,0.004831845739281291,151.33333333333334,2.1159999999999997,3
stage1_093,stage2_shortlist_from_stage1,"{""clean__method"": ""tomek"", ""model__metric"": ""euclidean"", ""model__n_neighbors"": 3, ""model__weights"": ""distance"", ""pca__n_components"": 48, ""scale__method"": ""robust""}",tomek,robust,48,3,euclidean,"{""clean__method"": ""tomek"", ""model__metric"": ""euclidean"", ""model__n_neighbors"": 3, ""model__weights"": ""distance"", ""pca__n_components"": 48, ""scale__method"": ""robust""}",stage2_cv,0.7503754922607667,0.0030420200967515598,151.33333333333334,2.366,3
stage1_030,stage2_shortlist_from_stage1,"{""clean__method"": ""tomek"", ""model__metric"": ""manhattan"", ""model__n_neighbors"": 3, ""model__weights"": ""distance"", ""pca__n_components"": 36, ""scale__method"": ""standard""}",tomek,standard,36,3,manhattan,"{""clean__method"": ""tomek"", ""model__metric"": ""manhattan"", ""model__n_neighbors"": 3, ""model__weights"": ""distance"", ""pca__n_components"": 36, ""scale__method"": ""standard""}",stage2_cv,0.7482497733544747,0.0013181459626837356,151.33333333333334,3.969,3
stage1_069,stage2_shortlist_from_stage1,"{""clean__method"": ""lof_0.03"", ""model__metric"": ""manhattan"", ""model__n_neighbors"": 4, ""model__weights"": ""distance"", ""pca__n_components"": 32, ""scale__method"": ""standard""}",lof_0.03,standard,32,4,manhattan,"{""clean__method"": ""lof_0.03"", ""model__metric"": ""manhattan"", ""model__n_neighbors"": 4, ""model__weights"": ""distance"", ""pca__n_components"": 32, ""scale__method"": ""standard""}",stage2_cv,0.7470003983935617,0.002253654312161952,160.0,3.236,3
stage1_031,stage2_shortlist_from_stage1,"{""clean__method"": ""tomek"", ""model__metric"": ""euclidean"", ""model__n_neighbors"": 3, ""model__weights"": ""distance"", ""pca__n_components"": 40, ""scale__method"": ""standard""}",tomek,standard,40,3,euclidean,"{""clean__method"": ""tomek"", ""model__metric"": ""euclidean"", ""model__n_neighbors"": 3, ""model__weights"": ""distance"", ""pca__n_components"": 40, ""scale__method"": ""standard""}",stage2_cv,0.7441257577236454,0.00450228907428148,151.33333333333334,2.2969999999999997,3
stage1_024,stage2_shortlist_from_stage1,"{""clean__method"": ""lof_0.05"", ""model__metric"": ""manhattan"", ""model__n_neighbors"": 3, ""model__weights"": ""distance"", ""pca__n_components"": 64, ""scale__method"": ""standard""}",lof_0.05,standard,64,3,manhattan,"{""clean__method"": ""lof_0.05"", ""model__metric"": ""manhattan"", ""model__n_neighbors"": 3, ""model__weights"": ""distance"", ""pca__n_components"": 64, ""scale__method"": ""standard""}",stage2_cv,0.742749898198209,0.0037186369789097315,268.0,4.992,3
stage1_045,stage2_shortlist_from_stage1,"{""clean__method"": ""lof_0.05"", ""model__metric"": ""manhattan"", ""model__n_neighbors"": 5, ""model__weights"": ""distance"", ""pca__n_components"": 40, ""scale__method"": ""standard""}",lof_0.05,standard,40,5,manhattan,"{""clean__method"": ""lof_0.05"", ""model__metric"": ""manhattan"", ""model__n_neighbors"": 5, ""model__weights"": ""distance"", ""pca__n_components"": 40, ""scale__method"": ""standard""}",stage2_cv,0.7399990698837063,0.005281534531130729,268.0,4.599,3
stage1_107,stage2_shortlist_from_stage1,"{""clean__method"": ""lof_0.03"", ""model__metric"": ""manhattan"", ""model__n_neighbors"": 5, ""model__weights"": ""distance"", ""pca__n_components"": 36, ""scale__method"": ""robust""}",lof_0.03,robust,36,5,manhattan,"{""clean__method"": ""lof_0.03"", ""model__metric"": ""manhattan"", ""model__n_neighbors"": 5, ""model__weights"": ""distance"", ""pca__n_components"": 36, ""scale__method"": ""robust""}",stage2_cv,0.7361239447469666,0.006126324333612539,160.0,3.656,3
stage1_090,stage2_shortlist_from_stage1,"{""clean__method"": ""lof_0.03"", ""model__metric"": ""manhattan"", ""model__n_neighbors"": 5, ""model__weights"": ""distance"", ""pca__n_components"": 56, ""scale__method"": ""standard""}",lof_0.03,standard,56,5,manhattan,"{""clean__method"": ""lof_0.03"", ""model__metric"": ""manhattan"", ""model__n_neighbors"": 5, ""model__weights"": ""distance"", ""pca__n_components"": 56, ""scale__method"": ""standard""}",stage2_cv,0.7342495541395659,0.008349879524356117,160.0,6.074,3
