candidate_id,source,signature,clean__method,scale__method,pca__n_components,model__n_neighbors,model__metric,params_json,stage,fold_idx,fold_accuracy,fit_seconds,removed_rows
stage1_053,stage2_shortlist_from_stage1,"{""clean__method"": ""none"", ""model__metric"": ""manhattan"", ""model__n_neighbors"": 4, ""model__weights"": ""distance"", ""pca__n_components"": 40, ""scale__method"": ""standard""}",none,standard,40,4,manhattan,"{""clean__method"": ""none"", ""model__metric"": ""manhattan"", ""model__n_neighbors"": 4, ""model__weights"": ""distance"", ""pca__n_components"": 40, ""scale__method"": ""standard""}",stage2_cv,0,0.7664041994750657,0.942,0
stage1_012,stage2_shortlist_from_stage1,"{""clean__method"": ""lof_0.03"", ""model__metric"": ""manhattan"", ""model__n_neighbors"": 4, ""model__weights"": ""distance"", ""pca__n_components"": 56, ""scale__method"": ""standard""}",lof_0.03,standard,56,4,manhattan,"{""clean__method"": ""lof_0.03"", ""model__metric"": ""manhattan"", ""model__n_neighbors"": 4, ""model__weights"": ""distance"", ""pca__n_components"": 56, ""scale__method"": ""standard""}",stage2_cv,0,0.7581552305961755,1.465,160
stage1_018,stage2_shortlist_from_stage1,"{""clean__method"": ""tomek"", ""model__metric"": ""manhattan"", ""model__n_neighbors"": 4, ""model__weights"": ""distance"", ""pca__n_components"": 44, ""scale__method"": ""standard""}",tomek,standard,44,4,manhattan,"{""clean__method"": ""tomek"", ""model__metric"": ""manhattan"", ""model__n_neighbors"": 4, ""model__weights"": ""distance"", ""pca__n_components"": 44, ""scale__method"": ""standard""}",stage2_cv,0,0.7656542932133483,1.448,136
stage1_106,stage2_shortlist_from_stage1,"{""clean__method"": ""lof_0.05"", ""model__metric"": ""manhattan"", ""model__n_neighbors"": 4, ""model__weights"": ""distance"", ""pca__n_components"": 60, ""scale__method"": ""robust""}",lof_0.05,robust,60,4,manhattan,"{""clean__method"": ""lof_0.05"", ""model__metric"": ""manhattan"", ""model__n_neighbors"": 4, ""model__weights"": ""distance"", ""pca__n_components"": 60, ""scale__method"": ""robust""}",stage2_cv,0,0.7540307461567304,1.578,268
stage1_081,stage2_shortlist_from_stage1,"{""clean__method"": ""none"", ""model__metric"": ""manhattan"", ""model__n_neighbors"": 4, ""model__weights"": ""distance"", ""pca__n_components"": 64, ""scale__method"": ""robust""}",none,robust,64,4,manhattan,"{""clean__method"": ""none"", ""model__metric"": ""manhattan"", ""model__n_neighbors"": 4, ""model__weights"": ""distance"", ""pca__n_components"": 64, ""scale__method"": ""robust""}",stage2_cv,0,0.7682789651293588,1.422,0
stage1_004,stage2_shortlist_from_stage1,"{""clean__method"": ""tomek"", ""model__metric"": ""manhattan"", ""model__n_neighbors"": 4, ""model__weights"": ""distance"", ""pca__n_components"": 48, ""scale__method"": ""robust""}",tomek,robust,48,4,manhattan,"{""clean__method"": ""tomek"", ""model__metric"": ""manhattan"", ""model__n_neighbors"": 4, ""model__weights"": ""distance"", ""pca__n_components"": 48, ""scale__method"": ""robust""}",stage2_cv,0,0.7682789651293588,1.779,136
stage1_043,stage2_shortlist_from_stage1,"{""clean__method"": ""none"", ""model__metric"": ""manhattan"", ""model__n_neighbors"": 6, ""model__weights"": ""distance"", ""pca__n_components"": 48, ""scale__method"": ""robust""}",none,robust,48,6,manhattan,"{""clean__method"": ""none"", ""model__metric"": ""manhattan"", ""model__n_neighbors"": 6, ""model__weights"": ""distance"", ""pca__n_components"": 48, ""scale__method"": ""robust""}",stage2_cv,0,0.7592800899887514,1.547,0
stage1_023,stage2_shortlist_from_stage1,"{""clean__method"": ""none"", ""model__metric"": ""euclidean"", ""model__n_neighbors"": 4, ""model__weights"": ""distance"", ""pca__n_components"": 36, ""scale__method"": ""standard""}",none,standard,36,4,euclidean,"{""clean__method"": ""none"", ""model__metric"": ""euclidean"", ""model__n_neighbors"": 4, ""model__weights"": ""distance"", ""pca__n_components"": 36, ""scale__method"": ""standard""}",stage2_cv,0,0.7454068241469817,0.246,0
stage1_031,stage2_shortlist_from_stage1,"{""clean__method"": ""tomek"", ""model__metric"": ""euclidean"", ""model__n_neighbors"": 3, ""model__weights"": ""distance"", ""pca__n_components"": 40, ""scale__method"": ""standard""}",tomek,standard,40,3,euclidean,"{""clean__method"": ""tomek"", ""model__metric"": ""euclidean"", ""model__n_neighbors"": 3, ""model__weights"": ""distance"", ""pca__n_components"": 40, ""scale__method"": ""standard""}",stage2_cv,0,0.7427821522309711,0.851,136
stage1_056,stage2_shortlist_from_stage1,"{""clean__method"": ""lof_0.05"", ""model__metric"": ""euclidean"", ""model__n_neighbors"": 4, ""model__weights"": ""distance"", ""pca__n_components"": 40, ""scale__method"": ""standard""}",lof_0.05,standard,40,4,euclidean,"{""clean__method"": ""lof_0.05"", ""model__metric"": ""euclidean"", ""model__n_neighbors"": 4, ""model__weights"": ""distance"", ""pca__n_components"": 40, ""scale__method"": ""standard""}",stage2_cv,0,0.7532808398950132,0.475,268
stage1_030,stage2_shortlist_from_stage1,"{""clean__method"": ""tomek"", ""model__metric"": ""manhattan"", ""model__n_neighbors"": 3, ""model__weights"": ""distance"", ""pca__n_components"": 36, ""scale__method"": ""standard""}",tomek,standard,36,3,manhattan,"{""clean__method"": ""tomek"", ""model__metric"": ""manhattan"", ""model__n_neighbors"": 3, ""model__weights"": ""distance"", ""pca__n_components"": 36, ""scale__method"": ""standard""}",stage2_cv,0,0.7495313085864267,1.28,136
stage1_069,stage2_shortlist_from_stage1,"{""clean__method"": ""lof_0.03"", ""model__metric"": ""manhattan"", ""model__n_neighbors"": 4, ""model__weights"": ""distance"", ""pca__n_components"": 32, ""scale__method"": ""standard""}",lof_0.03,standard,32,4,manhattan,"{""clean__method"": ""lof_0.03"", ""model__metric"": ""manhattan"", ""model__n_neighbors"": 4, ""model__weights"": ""distance"", ""pca__n_components"": 32, ""scale__method"": ""standard""}",stage2_cv,0,0.7454068241469817,1.066,160
stage1_059,stage2_shortlist_from_stage1,"{""clean__method"": ""lof_0.03"", ""model__metric"": ""euclidean"", ""model__n_neighbors"": 6, ""model__weights"": ""distance"", ""pca__n_components"": 48, ""scale__method"": ""robust""}",lof_0.03,robust,48,6,euclidean,"{""clean__method"": ""lof_0.03"", ""model__metric"": ""euclidean"", ""model__n_neighbors"": 6, ""model__weights"": ""distance"", ""pca__n_components"": 48, ""scale__method"": ""robust""}",stage2_cv,0,0.7484064491938508,0.591,160
stage1_107,stage2_shortlist_from_stage1,"{""clean__method"": ""lof_0.03"", ""model__metric"": ""manhattan"", ""model__n_neighbors"": 5, ""model__weights"": ""distance"", ""pca__n_components"": 36, ""scale__method"": ""robust""}",lof_0.03,robust,36,5,manhattan,"{""clean__method"": ""lof_0.03"", ""model__metric"": ""manhattan"", ""model__n_neighbors"": 5, ""model__weights"": ""distance"", ""pca__n_components"": 36, ""scale__method"": ""robust""}",stage2_cv,0,0.7420322459692539,1.208,160
stage1_093,stage2_shortlist_from_stage1,"{""clean__method"": ""tomek"", ""model__metric"": ""euclidean"", ""model__n_neighbors"": 3, ""model__weights"": ""distance"", ""pca__n_components"": 48, ""scale__method"": ""robust""}",tomek,robust,48,3,euclidean,"{""clean__method"": ""tomek"", ""model__metric"": ""euclidean"", ""model__n_neighbors"": 3, ""model__weights"": ""distance"", ""pca__n_components"": 48, ""scale__method"": ""robust""}",stage2_cv,0,0.7469066366704162,0.785,136
stage1_017,stage2_shortlist_from_stage1,"{""clean__method"": ""tomek"", ""model__metric"": ""euclidean"", ""model__n_neighbors"": 6, ""model__weights"": ""distance"", ""pca__n_components"": 40, ""scale__method"": ""robust""}",tomek,robust,40,6,euclidean,"{""clean__method"": ""tomek"", ""model__metric"": ""euclidean"", ""model__n_neighbors"": 6, ""model__weights"": ""distance"", ""pca__n_components"": 40, ""scale__method"": ""robust""}",stage2_cv,0,0.7461567304086989,0.784,136
stage1_024,stage2_shortlist_from_stage1,"{""clean__method"": ""lof_0.05"", ""model__metric"": ""manhattan"", ""model__n_neighbors"": 3, ""model__weights"": ""distance"", ""pca__n_components"": 64, ""scale__method"": ""standard""}",lof_0.05,standard,64,3,manhattan,"{""clean__method"": ""lof_0.05"", ""model__metric"": ""manhattan"", ""model__n_neighbors"": 3, ""model__weights"": ""distance"", ""pca__n_components"": 64, ""scale__method"": ""standard""}",stage2_cv,0,0.7386576677915261,1.609,268
stage1_090,stage2_shortlist_from_stage1,"{""clean__method"": ""lof_0.03"", ""model__metric"": ""manhattan"", ""model__n_neighbors"": 5, ""model__weights"": ""distance"", ""pca__n_components"": 56, ""scale__method"": ""standard""}",lof_0.03,standard,56,5,manhattan,"{""clean__method"": ""lof_0.03"", ""model__metric"": ""manhattan"", ""model__n_neighbors"": 5, ""model__weights"": ""distance"", ""pca__n_components"": 56, ""scale__method"": ""standard""}",stage2_cv,0,0.7262842144731908,1.841,160
stage1_045,stage2_shortlist_from_stage1,"{""clean__method"": ""lof_0.05"", ""model__metric"": ""manhattan"", ""model__n_neighbors"": 5, ""model__weights"": ""distance"", ""pca__n_components"": 40, ""scale__method"": ""standard""}",lof_0.05,standard,40,5,manhattan,"{""clean__method"": ""lof_0.05"", ""model__metric"": ""manhattan"", ""model__n_neighbors"": 5, ""model__weights"": ""distance"", ""pca__n_components"": 40, ""scale__method"": ""standard""}",stage2_cv,0,0.7431571053618298,1.659,268
stage1_098,stage2_shortlist_from_stage1,"{""clean__method"": ""tomek"", ""model__metric"": ""euclidean"", ""model__n_neighbors"": 6, ""model__weights"": ""distance"", ""pca__n_components"": 40, ""scale__method"": ""standard""}",tomek,standard,40,6,euclidean,"{""clean__method"": ""tomek"", ""model__metric"": ""euclidean"", ""model__n_neighbors"": 6, ""model__weights"": ""distance"", ""pca__n_components"": 40, ""scale__method"": ""standard""}",stage2_cv,0,0.745031871016123,0.694,136
stage1_053,stage2_shortlist_from_stage1,"{""clean__method"": ""none"", ""model__metric"": ""manhattan"", ""model__n_neighbors"": 4, ""model__weights"": ""distance"", ""pca__n_components"": 40, ""scale__method"": ""standard""}",none,standard,40,4,manhattan,"{""clean__method"": ""none"", ""model__metric"": ""manhattan"", ""model__n_neighbors"": 4, ""model__weights"": ""distance"", ""pca__n_components"": 40, ""scale__method"": ""standard""}",stage2_cv,1,0.7731533558305211,0.942,0
stage1_012,stage2_shortlist_from_stage1,"{""clean__method"": ""lof_0.03"", ""model__metric"": ""manhattan"", ""model__n_neighbors"": 4, ""model__weights"": ""distance"", ""pca__n_components"": 56, ""scale__method"": ""standard""}",lof_0.03,standard,56,4,manhattan,"{""clean__method"": ""lof_0.03"", ""model__metric"": ""manhattan"", ""model__n_neighbors"": 4, ""model__weights"": ""distance"", ""pca__n_components"": 56, ""scale__method"": ""standard""}",stage2_cv,1,0.7810273715785527,1.477,160
stage1_018,stage2_shortlist_from_stage1,"{""clean__method"": ""tomek"", ""model__metric"": ""manhattan"", ""model__n_neighbors"": 4, ""model__weights"": ""distance"", ""pca__n_components"": 44, ""scale__method"": ""standard""}",tomek,standard,44,4,manhattan,"{""clean__method"": ""tomek"", ""model__metric"": ""manhattan"", ""model__n_neighbors"": 4, ""model__weights"": ""distance"", ""pca__n_components"": 44, ""scale__method"": ""standard""}",stage2_cv,1,0.7724034495688039,1.45,150
stage1_106,stage2_shortlist_from_stage1,"{""clean__method"": ""lof_0.05"", ""model__metric"": ""manhattan"", ""model__n_neighbors"": 4, ""model__weights"": ""distance"", ""pca__n_components"": 60, ""scale__method"": ""robust""}",lof_0.05,robust,60,4,manhattan,"{""clean__method"": ""lof_0.05"", ""model__metric"": ""manhattan"", ""model__n_neighbors"": 4, ""model__weights"": ""distance"", ""pca__n_components"": 60, ""scale__method"": ""robust""}",stage2_cv,1,0.7690288713910761,1.637,268
stage1_081,stage2_shortlist_from_stage1,"{""clean__method"": ""none"", ""model__metric"": ""manhattan"", ""model__n_neighbors"": 4, ""model__weights"": ""distance"", ""pca__n_components"": 64, ""scale__method"": ""robust""}",none,robust,64,4,manhattan,"{""clean__method"": ""none"", ""model__metric"": ""manhattan"", ""model__n_neighbors"": 4, ""model__weights"": ""distance"", ""pca__n_components"": 64, ""scale__method"": ""robust""}",stage2_cv,1,0.7742782152230971,1.445,0
stage1_004,stage2_shortlist_from_stage1,"{""clean__method"": ""tomek"", ""model__metric"": ""manhattan"", ""model__n_neighbors"": 4, ""model__weights"": ""distance"", ""pca__n_components"": 48, ""scale__method"": ""robust""}",tomek,robust,48,4,manhattan,"{""clean__method"": ""tomek"", ""model__metric"": ""manhattan"", ""model__n_neighbors"": 4, ""model__weights"": ""distance"", ""pca__n_components"": 48, ""scale__method"": ""robust""}",stage2_cv,1,0.7832770903637045,1.793,150
stage1_043,stage2_shortlist_from_stage1,"{""clean__method"": ""none"", ""model__metric"": ""manhattan"", ""model__n_neighbors"": 6, ""model__weights"": ""distance"", ""pca__n_components"": 48, ""scale__method"": ""robust""}",none,robust,48,6,manhattan,"{""clean__method"": ""none"", ""model__metric"": ""manhattan"", ""model__n_neighbors"": 6, ""model__weights"": ""distance"", ""pca__n_components"": 48, ""scale__method"": ""robust""}",stage2_cv,1,0.7705286839145107,1.927,0
stage1_023,stage2_shortlist_from_stage1,"{""clean__method"": ""none"", ""model__metric"": ""euclidean"", ""model__n_neighbors"": 4, ""model__weights"": ""distance"", ""pca__n_components"": 36, ""scale__method"": ""standard""}",none,standard,36,4,euclidean,"{""clean__method"": ""none"", ""model__metric"": ""euclidean"", ""model__n_neighbors"": 4, ""model__weights"": ""distance"", ""pca__n_components"": 36, ""scale__method"": ""standard""}",stage2_cv,1,0.7589051368578927,0.303,0
stage1_031,stage2_shortlist_from_stage1,"{""clean__method"": ""tomek"", ""model__metric"": ""euclidean"", ""model__n_neighbors"": 3, ""model__weights"": ""distance"", ""pca__n_components"": 40, ""scale__method"": ""standard""}",tomek,standard,40,3,euclidean,"{""clean__method"": ""tomek"", ""model__metric"": ""euclidean"", ""model__n_neighbors"": 3, ""model__weights"": ""distance"", ""pca__n_components"": 40, ""scale__method"": ""standard""}",stage2_cv,1,0.7394075740532433,0.719,150
stage1_056,stage2_shortlist_from_stage1,"{""clean__method"": ""lof_0.05"", ""model__metric"": ""euclidean"", ""model__n_neighbors"": 4, ""model__weights"": ""distance"", ""pca__n_components"": 40, ""scale__method"": ""standard""}",lof_0.05,standard,40,4,euclidean,"{""clean__method"": ""lof_0.05"", ""model__metric"": ""euclidean"", ""model__n_neighbors"": 4, ""model__weights"": ""distance"", ""pca__n_components"": 40, ""scale__method"": ""standard""}",stage2_cv,1,0.7634045744281964,0.529,268
stage1_030,stage2_shortlist_from_stage1,"{""clean__method"": ""tomek"", ""model__metric"": ""manhattan"", ""model__n_neighbors"": 3, ""model__weights"": ""distance"", ""pca__n_components"": 36, ""scale__method"": ""standard""}",tomek,standard,36,3,manhattan,"{""clean__method"": ""tomek"", ""model__metric"": ""manhattan"", ""model__n_neighbors"": 3, ""model__weights"": ""distance"", ""pca__n_components"": 36, ""scale__method"": ""standard""}",stage2_cv,1,0.7487814023247095,1.326,150
stage1_069,stage2_shortlist_from_stage1,"{""clean__method"": ""lof_0.03"", ""model__metric"": ""manhattan"", ""model__n_neighbors"": 4, ""model__weights"": ""distance"", ""pca__n_components"": 32, ""scale__method"": ""standard""}",lof_0.03,standard,32,4,manhattan,"{""clean__method"": ""lof_0.03"", ""model__metric"": ""manhattan"", ""model__n_neighbors"": 4, ""model__weights"": ""distance"", ""pca__n_components"": 32, ""scale__method"": ""standard""}",stage2_cv,1,0.7454068241469817,1.102,160
stage1_059,stage2_shortlist_from_stage1,"{""clean__method"": ""lof_0.03"", ""model__metric"": ""euclidean"", ""model__n_neighbors"": 6, ""model__weights"": ""distance"", ""pca__n_components"": 48, ""scale__method"": ""robust""}",lof_0.03,robust,48,6,euclidean,"{""clean__method"": ""lof_0.03"", ""model__metric"": ""euclidean"", ""model__n_neighbors"": 6, ""model__weights"": ""distance"", ""pca__n_components"": 48, ""scale__method"": ""robust""}",stage2_cv,1,0.7585301837270341,0.583,160
stage1_107,stage2_shortlist_from_stage1,"{""clean__method"": ""lof_0.03"", ""model__metric"": ""manhattan"", ""model__n_neighbors"": 5, ""model__weights"": ""distance"", ""pca__n_components"": 36, ""scale__method"": ""robust""}",lof_0.03,robust,36,5,manhattan,"{""clean__method"": ""lof_0.03"", ""model__metric"": ""manhattan"", ""model__n_neighbors"": 5, ""model__weights"": ""distance"", ""pca__n_components"": 36, ""scale__method"": ""robust""}",stage2_cv,1,0.7386576677915261,1.242,160
stage1_093,stage2_shortlist_from_stage1,"{""clean__method"": ""tomek"", ""model__metric"": ""euclidean"", ""model__n_neighbors"": 3, ""model__weights"": ""distance"", ""pca__n_components"": 48, ""scale__method"": ""robust""}",tomek,robust,48,3,euclidean,"{""clean__method"": ""tomek"", ""model__metric"": ""euclidean"", ""model__n_neighbors"": 3, ""model__weights"": ""distance"", ""pca__n_components"": 48, ""scale__method"": ""robust""}",stage2_cv,1,0.7499062617172854,0.834,150
stage1_017,stage2_shortlist_from_stage1,"{""clean__method"": ""tomek"", ""model__metric"": ""euclidean"", ""model__n_neighbors"": 6, ""model__weights"": ""distance"", ""pca__n_components"": 40, ""scale__method"": ""robust""}",tomek,robust,40,6,euclidean,"{""clean__method"": ""tomek"", ""model__metric"": ""euclidean"", ""model__n_neighbors"": 6, ""model__weights"": ""distance"", ""pca__n_components"": 40, ""scale__method"": ""robust""}",stage2_cv,1,0.7540307461567304,0.78,150
stage1_024,stage2_shortlist_from_stage1,"{""clean__method"": ""lof_0.05"", ""model__metric"": ""manhattan"", ""model__n_neighbors"": 3, ""model__weights"": ""distance"", ""pca__n_components"": 64, ""scale__method"": ""standard""}",lof_0.05,standard,64,3,manhattan,"{""clean__method"": ""lof_0.05"", ""model__metric"": ""manhattan"", ""model__n_neighbors"": 3, ""model__weights"": ""distance"", ""pca__n_components"": 64, ""scale__method"": ""standard""}",stage2_cv,1,0.7476565429321335,1.639,268
stage1_090,stage2_shortlist_from_stage1,"{""clean__method"": ""lof_0.03"", ""model__metric"": ""manhattan"", ""model__n_neighbors"": 5, ""model__weights"": ""distance"", ""pca__n_components"": 56, ""scale__method"": ""standard""}",lof_0.03,standard,56,5,manhattan,"{""clean__method"": ""lof_0.03"", ""model__metric"": ""manhattan"", ""model__n_neighbors"": 5, ""model__weights"": ""distance"", ""pca__n_components"": 56, ""scale__method"": ""standard""}",stage2_cv,1,0.7457817772778402,2.14,160
stage1_045,stage2_shortlist_from_stage1,"{""clean__method"": ""lof_0.05"", ""model__metric"": ""manhattan"", ""model__n_neighbors"": 5, ""model__weights"": ""distance"", ""pca__n_components"": 40, ""scale__method"": ""standard""}",lof_0.05,standard,40,5,manhattan,"{""clean__method"": ""lof_0.05"", ""model__metric"": ""manhattan"", ""model__n_neighbors"": 5, ""model__weights"": ""distance"", ""pca__n_components"": 40, ""scale__method"": ""standard""}",stage2_cv,1,0.7442819647544057,1.683,268
stage1_098,stage2_shortlist_from_stage1,"{""clean__method"": ""tomek"", ""model__metric"": ""euclidean"", ""model__n_neighbors"": 6, ""model__weights"": ""distance"", ""pca__n_components"": 40, ""scale__method"": ""standard""}",tomek,standard,40,6,euclidean,"{""clean__method"": ""tomek"", ""model__metric"": ""euclidean"", ""model__n_neighbors"": 6, ""model__weights"": ""distance"", ""pca__n_components"": 40, ""scale__method"": ""standard""}",stage2_cv,1,0.7540307461567304,0.716,150
stage1_053,stage2_shortlist_from_stage1,"{""clean__method"": ""none"", ""model__metric"": ""manhattan"", ""model__n_neighbors"": 4, ""model__weights"": ""distance"", ""pca__n_components"": 40, ""scale__method"": ""standard""}",none,standard,40,4,manhattan,"{""clean__method"": ""none"", ""model__metric"": ""manhattan"", ""model__n_neighbors"": 4, ""model__weights"": ""distance"", ""pca__n_components"": 40, ""scale__method"": ""standard""}",stage2_cv,2,0.7745686421605401,0.933,0
stage1_012,stage2_shortlist_from_stage1,"{""clean__method"": ""lof_0.03"", ""model__metric"": ""manhattan"", ""model__n_neighbors"": 4, ""model__weights"": ""distance"", ""pca__n_components"": 56, ""scale__method"": ""standard""}",lof_0.03,standard,56,4,manhattan,"{""clean__method"": ""lof_0.03"", ""model__metric"": ""manhattan"", ""model__n_neighbors"": 4, ""model__weights"": ""distance"", ""pca__n_components"": 56, ""scale__method"": ""standard""}",stage2_cv,2,0.7674418604651163,1.479,160
stage1_018,stage2_shortlist_from_stage1,"{""clean__method"": ""tomek"", ""model__metric"": ""manhattan"", ""model__n_neighbors"": 4, ""model__weights"": ""distance"", ""pca__n_components"": 44, ""scale__method"": ""standard""}",tomek,standard,44,4,manhattan,"{""clean__method"": ""tomek"", ""model__metric"": ""manhattan"", ""model__n_neighbors"": 4, ""model__weights"": ""distance"", ""pca__n_components"": 44, ""scale__method"": ""standard""}",stage2_cv,2,0.7696924231057765,1.498,168
stage1_106,stage2_shortlist_from_stage1,"{""clean__method"": ""lof_0.05"", ""model__metric"": ""manhattan"", ""model__n_neighbors"": 4, ""model__weights"": ""distance"", ""pca__n_components"": 60, ""scale__method"": ""robust""}",lof_0.05,robust,60,4,manhattan,"{""clean__method"": ""lof_0.05"", ""model__metric"": ""manhattan"", ""model__n_neighbors"": 4, ""model__weights"": ""distance"", ""pca__n_components"": 60, ""scale__method"": ""robust""}",stage2_cv,2,0.758814703675919,1.675,268
stage1_081,stage2_shortlist_from_stage1,"{""clean__method"": ""none"", ""model__metric"": ""manhattan"", ""model__n_neighbors"": 4, ""model__weights"": ""distance"", ""pca__n_components"": 64, ""scale__method"": ""robust""}",none,robust,64,4,manhattan,"{""clean__method"": ""none"", ""model__metric"": ""manhattan"", ""model__n_neighbors"": 4, ""model__weights"": ""distance"", ""pca__n_components"": 64, ""scale__method"": ""robust""}",stage2_cv,2,0.7636909227306826,1.464,0
stage1_004,stage2_shortlist_from_stage1,"{""clean__method"": ""tomek"", ""model__metric"": ""manhattan"", ""model__n_neighbors"": 4, ""model__weights"": ""distance"", ""pca__n_components"": 48, ""scale__method"": ""robust""}",tomek,robust,48,4,manhattan,"{""clean__method"": ""tomek"", ""model__metric"": ""manhattan"", ""model__n_neighbors"": 4, ""model__weights"": ""distance"", ""pca__n_components"": 48, ""scale__method"": ""robust""}",stage2_cv,2,0.7663165791447862,2.005,168
stage1_043,stage2_shortlist_from_stage1,"{""clean__method"": ""none"", ""model__metric"": ""manhattan"", ""model__n_neighbors"": 6, ""model__weights"": ""distance"", ""pca__n_components"": 48, ""scale__method"": ""robust""}",none,robust,48,6,manhattan,"{""clean__method"": ""none"", ""model__metric"": ""manhattan"", ""model__n_neighbors"": 6, ""model__weights"": ""distance"", ""pca__n_components"": 48, ""scale__method"": ""robust""}",stage2_cv,2,0.7715678919729932,2.172,0
stage1_023,stage2_shortlist_from_stage1,"{""clean__method"": ""none"", ""model__metric"": ""euclidean"", ""model__n_neighbors"": 4, ""model__weights"": ""distance"", ""pca__n_components"": 36, ""scale__method"": ""standard""}",none,standard,36,4,euclidean,"{""clean__method"": ""none"", ""model__metric"": ""euclidean"", ""model__n_neighbors"": 4, ""model__weights"": ""distance"", ""pca__n_components"": 36, ""scale__method"": ""standard""}",stage2_cv,2,0.7629407351837959,0.213,0
stage1_031,stage2_shortlist_from_stage1,"{""clean__method"": ""tomek"", ""model__metric"": ""euclidean"", ""model__n_neighbors"": 3, ""model__weights"": ""distance"", ""pca__n_components"": 40, ""scale__method"": ""standard""}",tomek,standard,40,3,euclidean,"{""clean__method"": ""tomek"", ""model__metric"": ""euclidean"", ""model__n_neighbors"": 3, ""model__weights"": ""distance"", ""pca__n_components"": 40, ""scale__method"": ""standard""}",stage2_cv,2,0.7501875468867217,0.727,168
stage1_056,stage2_shortlist_from_stage1,"{""clean__method"": ""lof_0.05"", ""model__metric"": ""euclidean"", ""model__n_neighbors"": 4, ""model__weights"": ""distance"", ""pca__n_components"": 40, ""scale__method"": ""standard""}",lof_0.05,standard,40,4,euclidean,"{""clean__method"": ""lof_0.05"", ""model__metric"": ""euclidean"", ""model__n_neighbors"": 4, ""model__weights"": ""distance"", ""pca__n_components"": 40, ""scale__method"": ""standard""}",stage2_cv,2,0.7550637659414854,0.513,268
stage1_030,stage2_shortlist_from_stage1,"{""clean__method"": ""tomek"", ""model__metric"": ""manhattan"", ""model__n_neighbors"": 3, ""model__weights"": ""distance"", ""pca__n_components"": 36, ""scale__method"": ""standard""}",tomek,standard,36,3,manhattan,"{""clean__method"": ""tomek"", ""model__metric"": ""manhattan"", ""model__n_neighbors"": 3, ""model__weights"": ""distance"", ""pca__n_components"": 36, ""scale__method"": ""standard""}",stage2_cv,2,0.746436609152288,1.363,168
stage1_069,stage2_shortlist_from_stage1,"{""clean__method"": ""lof_0.03"", ""model__metric"": ""manhattan"", ""model__n_neighbors"": 4, ""model__weights"": ""distance"", ""pca__n_components"": 32, ""scale__method"": ""standard""}",lof_0.03,standard,32,4,manhattan,"{""clean__method"": ""lof_0.03"", ""model__metric"": ""manhattan"", ""model__n_neighbors"": 4, ""model__weights"": ""distance"", ""pca__n_components"": 32, ""scale__method"": ""standard""}",stage2_cv,2,0.7501875468867217,1.068,160
stage1_059,stage2_shortlist_from_stage1,"{""clean__method"": ""lof_0.03"", ""model__metric"": ""euclidean"", ""model__n_neighbors"": 6, ""model__weights"": ""distance"", ""pca__n_components"": 48, ""scale__method"": ""robust""}",lof_0.03,robust,48,6,euclidean,"{""clean__method"": ""lof_0.03"", ""model__metric"": ""euclidean"", ""model__n_neighbors"": 6, ""model__weights"": ""distance"", ""pca__n_components"": 48, ""scale__method"": ""robust""}",stage2_cv,2,0.7520630157539385,0.63,160
stage1_107,stage2_shortlist_from_stage1,"{""clean__method"": ""lof_0.03"", ""model__metric"": ""manhattan"", ""model__n_neighbors"": 5, ""model__weights"": ""distance"", ""pca__n_components"": 36, ""scale__method"": ""robust""}",lof_0.03,robust,36,5,manhattan,"{""clean__method"": ""lof_0.03"", ""model__metric"": ""manhattan"", ""model__n_neighbors"": 5, ""model__weights"": ""distance"", ""pca__n_components"": 36, ""scale__method"": ""robust""}",stage2_cv,2,0.72768192048012,1.206,160
stage1_093,stage2_shortlist_from_stage1,"{""clean__method"": ""tomek"", ""model__metric"": ""euclidean"", ""model__n_neighbors"": 3, ""model__weights"": ""distance"", ""pca__n_components"": 48, ""scale__method"": ""robust""}",tomek,robust,48,3,euclidean,"{""clean__method"": ""tomek"", ""model__metric"": ""euclidean"", ""model__n_neighbors"": 3, ""model__weights"": ""distance"", ""pca__n_components"": 48, ""scale__method"": ""robust""}",stage2_cv,2,0.7543135783945987,0.747,168
stage1_017,stage2_shortlist_from_stage1,"{""clean__method"": ""tomek"", ""model__metric"": ""euclidean"", ""model__n_neighbors"": 6, ""model__weights"": ""distance"", ""pca__n_components"": 40, ""scale__method"": ""robust""}",tomek,robust,40,6,euclidean,"{""clean__method"": ""tomek"", ""model__metric"": ""euclidean"", ""model__n_neighbors"": 6, ""model__weights"": ""distance"", ""pca__n_components"": 40, ""scale__method"": ""robust""}",stage2_cv,2,0.7561890472618155,0.739,168
stage1_024,stage2_shortlist_from_stage1,"{""clean__method"": ""lof_0.05"", ""model__metric"": ""manhattan"", ""model__n_neighbors"": 3, ""model__weights"": ""distance"", ""pca__n_components"": 64, ""scale__method"": ""standard""}",lof_0.05,standard,64,3,manhattan,"{""clean__method"": ""lof_0.05"", ""model__metric"": ""manhattan"", ""model__n_neighbors"": 3, ""model__weights"": ""distance"", ""pca__n_components"": 64, ""scale__method"": ""standard""}",stage2_cv,2,0.7419354838709677,1.744,268
stage1_090,stage2_shortlist_from_stage1,"{""clean__method"": ""lof_0.03"", ""model__metric"": ""manhattan"", ""model__n_neighbors"": 5, ""model__weights"": ""distance"", ""pca__n_components"": 56, ""scale__method"": ""standard""}",lof_0.03,standard,56,5,manhattan,"{""clean__method"": ""lof_0.03"", ""model__metric"": ""manhattan"", ""model__n_neighbors"": 5, ""model__weights"": ""distance"", ""pca__n_components"": 56, ""scale__method"": ""standard""}",stage2_cv,2,0.7306826706676669,2.093,160
stage1_045,stage2_shortlist_from_stage1,"{""clean__method"": ""lof_0.05"", ""model__metric"": ""manhattan"", ""model__n_neighbors"": 5, ""model__weights"": ""distance"", ""pca__n_components"": 40, ""scale__method"": ""standard""}",lof_0.05,standard,40,5,manhattan,"{""clean__method"": ""lof_0.05"", ""model__metric"": ""manhattan"", ""model__n_neighbors"": 5, ""model__weights"": ""distance"", ""pca__n_components"": 40, ""scale__method"": ""standard""}",stage2_cv,2,0.7325581395348837,1.257,268
stage1_098,stage2_shortlist_from_stage1,"{""clean__method"": ""tomek"", ""model__metric"": ""euclidean"", ""model__n_neighbors"": 6, ""model__weights"": ""distance"", ""pca__n_components"": 40, ""scale__method"": ""standard""}",tomek,standard,40,6,euclidean,"{""clean__method"": ""tomek"", ""model__metric"": ""euclidean"", ""model__n_neighbors"": 6, ""model__weights"": ""distance"", ""pca__n_components"": 40, ""scale__method"": ""standard""}",stage2_cv,2,0.7561890472618155,0.706,168
