mean_fit_time,std_fit_time,mean_score_time,std_score_time,param_model__metric,param_model__n_neighbors,param_model__weights,param_pca__n_components,params,split0_test_score,split1_test_score,split2_test_score,split3_test_score,split4_test_score,mean_test_score,std_test_score,rank_test_score
0.016718387603759766,0.0025942107769318366,0.09745793342590332,0.018218554935086475,manhattan,4,distance,44,"{'model__metric': 'manhattan', 'model__n_neighbors': 4, 'model__weights': 'distance', 'pca__n_components': 44}",0.800625,0.788125,0.803125,0.786875,0.799375,0.795625,0.006754628043053152,1
0.018845796585083008,0.0030258186954291813,0.1288288116455078,0.035160855749546166,manhattan,4,distance,52,"{'model__metric': 'manhattan', 'model__n_neighbors': 4, 'model__weights': 'distance', 'pca__n_components': 52}",0.794375,0.794375,0.79875,0.796875,0.78875,0.794625,0.0033680483963268756,2
0.02903923988342285,0.02104055713026384,0.11213865280151367,0.021927288450076948,manhattan,4,distance,48,"{'model__metric': 'manhattan', 'model__n_neighbors': 4, 'model__weights': 'distance', 'pca__n_components': 48}",0.798125,0.786875,0.8025,0.794375,0.788125,0.794,0.005910795208768448,3
0.02876768112182617,0.019709368994124378,0.1127009391784668,0.005196646377682025,manhattan,4,distance,56,"{'model__metric': 'manhattan', 'model__n_neighbors': 4, 'model__weights': 'distance', 'pca__n_components': 56}",0.789375,0.79125,0.79375,0.794375,0.795625,0.7928749999999999,0.0022569337606584672,4
0.01775360107421875,0.003897239755220499,0.11186223030090332,0.036293996937947715,manhattan,1,uniform,52,"{'model__metric': 'manhattan', 'model__n_neighbors': 1, 'model__weights': 'uniform', 'pca__n_components': 52}",0.784375,0.79375,0.80625,0.78875,0.785625,0.79175,0.007939222254100207,5
0.02230973243713379,0.003360025415281289,0.1429265022277832,0.04957110387579723,manhattan,2,distance,52,"{'model__metric': 'manhattan', 'model__n_neighbors': 2, 'model__weights': 'distance', 'pca__n_components': 52}",0.784375,0.79375,0.80625,0.78875,0.785625,0.79175,0.007939222254100207,5
0.02223062515258789,0.005595296873570974,0.11629881858825683,0.018260807784855976,manhattan,1,distance,52,"{'model__metric': 'manhattan', 'model__n_neighbors': 1, 'model__weights': 'distance', 'pca__n_components': 52}",0.784375,0.79375,0.80625,0.78875,0.785625,0.79175,0.007939222254100207,5
0.01821746826171875,0.0034065472705150372,0.15215177536010743,0.0466121284634869,manhattan,2,distance,60,"{'model__metric': 'manhattan', 'model__n_neighbors': 2, 'model__weights': 'distance', 'pca__n_components': 60}",0.78625,0.788125,0.800625,0.785625,0.79625,0.791375,0.005986965007414035,8
0.01864490509033203,0.0025787554839225837,0.1258316993713379,0.03281882634050622,manhattan,1,uniform,60,"{'model__metric': 'manhattan', 'model__n_neighbors': 1, 'model__weights': 'uniform', 'pca__n_components': 60}",0.78625,0.788125,0.800625,0.785625,0.79625,0.791375,0.005986965007414035,8
0.02265782356262207,0.008579438900802903,0.15953302383422852,0.05800497116094862,manhattan,1,distance,60,"{'model__metric': 'manhattan', 'model__n_neighbors': 1, 'model__weights': 'distance', 'pca__n_components': 60}",0.78625,0.788125,0.800625,0.785625,0.79625,0.791375,0.005986965007414035,8
0.015358161926269532,0.0027270096475983273,0.11857328414916993,0.03532299111228125,manhattan,2,distance,48,"{'model__metric': 'manhattan', 'model__n_neighbors': 2, 'model__weights': 'distance', 'pca__n_components': 48}",0.7925,0.78,0.80375,0.79,0.784375,0.790125,0.008085480814398088,11
0.02674260139465332,0.017241667525510505,0.12353653907775879,0.025995232659981545,manhattan,1,distance,56,"{'model__metric': 'manhattan', 'model__n_neighbors': 1, 'model__weights': 'distance', 'pca__n_components': 56}",0.78375,0.794375,0.8025,0.78875,0.78125,0.790125,0.007648529270389191,11
0.024164724349975585,0.010804456201395498,0.13277788162231446,0.027350139653584567,manhattan,2,distance,56,"{'model__metric': 'manhattan', 'model__n_neighbors': 2, 'model__weights': 'distance', 'pca__n_components': 56}",0.78375,0.794375,0.8025,0.78875,0.78125,0.790125,0.007648529270389191,11
0.01875014305114746,0.002597775391679859,0.09934682846069336,0.02710203584050956,manhattan,1,uniform,48,"{'model__metric': 'manhattan', 'model__n_neighbors': 1, 'model__weights': 'uniform', 'pca__n_components': 48}",0.7925,0.78,0.80375,0.79,0.784375,0.790125,0.008085480814398088,11
0.01968216896057129,0.0021840373050350057,0.10262036323547363,0.02557336950113168,manhattan,1,uniform,56,"{'model__metric': 'manhattan', 'model__n_neighbors': 1, 'model__weights': 'uniform', 'pca__n_components': 56}",0.78375,0.794375,0.8025,0.78875,0.78125,0.790125,0.007648529270389191,11
0.018932008743286134,0.002772225323626523,0.10539374351501465,0.0271218247113051,manhattan,1,distance,48,"{'model__metric': 'manhattan', 'model__n_neighbors': 1, 'model__weights': 'distance', 'pca__n_components': 48}",0.7925,0.78,0.80375,0.79,0.784375,0.790125,0.008085480814398088,11
0.017814016342163085,0.0016163956612757957,0.10151324272155762,0.02540551670127153,manhattan,4,distance,40,"{'model__metric': 'manhattan', 'model__n_neighbors': 4, 'model__weights': 'distance', 'pca__n_components': 40}",0.79,0.77625,0.801875,0.79125,0.785625,0.7889999999999999,0.00831602368923995,17
0.032859086990356445,0.026309962401929628,0.1272214889526367,0.02396623855203443,manhattan,4,distance,60,"{'model__metric': 'manhattan', 'model__n_neighbors': 4, 'model__weights': 'distance', 'pca__n_components': 60}",0.78625,0.783125,0.79375,0.779375,0.798125,0.788125,0.006880679472261423,18
0.01925959587097168,0.0017827886546137811,0.10852599143981934,0.03047956041992273,manhattan,1,distance,44,"{'model__metric': 'manhattan', 'model__n_neighbors': 1, 'model__weights': 'distance', 'pca__n_components': 44}",0.789375,0.784375,0.79625,0.78125,0.786875,0.787625,0.0050836748519156915,19
0.02241339683532715,0.0036807854146311174,0.10453300476074219,0.032097561824932785,manhattan,1,uniform,44,"{'model__metric': 'manhattan', 'model__n_neighbors': 1, 'model__weights': 'uniform', 'pca__n_components': 44}",0.789375,0.784375,0.79625,0.78125,0.786875,0.787625,0.0050836748519156915,19
0.01956782341003418,0.0010072543795342508,0.10141463279724121,0.02116898182750331,manhattan,2,distance,44,"{'model__metric': 'manhattan', 'model__n_neighbors': 2, 'model__weights': 'distance', 'pca__n_components': 44}",0.789375,0.784375,0.79625,0.78125,0.786875,0.787625,0.0050836748519156915,19
0.017889070510864257,0.0021578078969104715,0.1446915626525879,0.021634048872473523,manhattan,6,distance,52,"{'model__metric': 'manhattan', 'model__n_neighbors': 6, 'model__weights': 'distance', 'pca__n_components': 52}",0.7875,0.779375,0.788125,0.7925,0.785,0.7865,0.004304793839430617,22
0.01882624626159668,0.002467823228498099,0.10940890312194824,0.01961567977364085,manhattan,6,distance,48,"{'model__metric': 'manhattan', 'model__n_neighbors': 6, 'model__weights': 'distance', 'pca__n_components': 48}",0.791875,0.780625,0.788125,0.79,0.78125,0.7863749999999999,0.004599592373243523,23
0.031052112579345703,0.019760704872781983,0.09555234909057617,0.026964119524447126,manhattan,4,distance,36,"{'model__metric': 'manhattan', 'model__n_neighbors': 4, 'model__weights': 'distance', 'pca__n_components': 36}",0.795,0.77875,0.790625,0.78125,0.785,0.786125,0.0059739015726742615,24
0.020493602752685545,0.003168100188965808,0.1442246913909912,0.03299649057682614,manhattan,6,distance,56,"{'model__metric': 'manhattan', 'model__n_neighbors': 6, 'model__weights': 'distance', 'pca__n_components': 56}",0.78125,0.784375,0.785625,0.786875,0.7875,0.7851250000000001,0.0022150056433336606,25
0.03232355117797851,0.02278167390485678,0.10698046684265136,0.028022166950616982,manhattan,6,distance,44,"{'model__metric': 'manhattan', 'model__n_neighbors': 6, 'model__weights': 'distance', 'pca__n_components': 44}",0.791875,0.773125,0.794375,0.77625,0.789375,0.785,0.0086240941553302,26
0.026380252838134766,0.00759829828339522,0.024838924407958984,0.003352439049813945,euclidean,4,distance,52,"{'model__metric': 'euclidean', 'model__n_neighbors': 4, 'model__weights': 'distance', 'pca__n_components': 52}",0.78125,0.774375,0.786875,0.79,0.790625,0.784625,0.006105837370909905,27
0.01958475112915039,0.0014437753683581786,0.021151208877563478,0.0022000930841032883,euclidean,4,distance,44,"{'model__metric': 'euclidean', 'model__n_neighbors': 4, 'model__weights': 'distance', 'pca__n_components': 44}",0.7825,0.781875,0.79,0.78375,0.78125,0.783875,0.003172144385112398,28
0.019649410247802736,0.0018940770093036432,0.03429117202758789,0.026568239090218,euclidean,4,distance,48,"{'model__metric': 'euclidean', 'model__n_neighbors': 4, 'model__weights': 'distance', 'pca__n_components': 48}",0.78125,0.776875,0.785,0.79375,0.780625,0.7835,0.005736396952791872,29
0.03622956275939941,0.02643677018478568,0.09894075393676757,0.039890084068687465,manhattan,6,distance,40,"{'model__metric': 'manhattan', 'model__n_neighbors': 6, 'model__weights': 'distance', 'pca__n_components': 40}",0.783125,0.778125,0.796875,0.778125,0.78125,0.7834999999999999,0.006955213871621792,30
0.020055007934570313,0.002746137487013303,0.020411205291748048,0.002011113349280031,euclidean,4,distance,56,"{'model__metric': 'euclidean', 'model__n_neighbors': 4, 'model__weights': 'distance', 'pca__n_components': 56}",0.783125,0.774375,0.788125,0.780625,0.789375,0.7831250000000001,0.005419870847169691,31
0.0198000431060791,0.0022370291837634044,0.0330357551574707,0.02383326797858083,euclidean,1,distance,52,"{'model__metric': 'euclidean', 'model__n_neighbors': 1, 'model__weights': 'distance', 'pca__n_components': 52}",0.775625,0.773125,0.793125,0.785625,0.780625,0.781625,0.0071763500472036635,32
0.026447439193725587,0.005165684437960237,0.05526499748229981,0.020193056619817774,euclidean,1,uniform,52,"{'model__metric': 'euclidean', 'model__n_neighbors': 1, 'model__weights': 'uniform', 'pca__n_components': 52}",0.775625,0.773125,0.793125,0.785625,0.780625,0.781625,0.0071763500472036635,32
0.025510454177856447,0.00668467037597374,0.03403291702270508,0.017608240396227375,euclidean,2,distance,52,"{'model__metric': 'euclidean', 'model__n_neighbors': 2, 'model__weights': 'distance', 'pca__n_components': 52}",0.775625,0.773125,0.793125,0.785625,0.780625,0.781625,0.0071763500472036635,32
0.03254866600036621,0.031298129989385,0.08162755966186523,0.022065389694312574,manhattan,1,uniform,40,"{'model__metric': 'manhattan', 'model__n_neighbors': 1, 'model__weights': 'uniform', 'pca__n_components': 40}",0.77625,0.7775,0.79125,0.77375,0.78375,0.7805,0.006304760106459236,35
0.016187191009521484,0.001747223582758682,0.0973541259765625,0.03164915560523645,manhattan,2,distance,40,"{'model__metric': 'manhattan', 'model__n_neighbors': 2, 'model__weights': 'distance', 'pca__n_components': 40}",0.77625,0.7775,0.79125,0.77375,0.78375,0.7805,0.006304760106459236,35
0.01986556053161621,0.004751256519331769,0.09099607467651367,0.025727444131347494,manhattan,1,distance,40,"{'model__metric': 'manhattan', 'model__n_neighbors': 1, 'model__weights': 'distance', 'pca__n_components': 40}",0.77625,0.7775,0.79125,0.77375,0.78375,0.7805,0.006304760106459236,35
0.031944561004638675,0.018751109068581823,0.023092174530029298,0.004400390747694823,euclidean,4,distance,60,"{'model__metric': 'euclidean', 'model__n_neighbors': 4, 'model__weights': 'distance', 'pca__n_components': 60}",0.778125,0.779375,0.78,0.7825,0.781875,0.780375,0.0016105123408406375,38
0.018100404739379884,0.0021091421251126386,0.045799779891967776,0.00439611627799788,euclidean,1,uniform,48,"{'model__metric': 'euclidean', 'model__n_neighbors': 1, 'model__weights': 'uniform', 'pca__n_components': 48}",0.781875,0.769375,0.78625,0.788125,0.775,0.780125,0.0070200605410494655,39
0.018437957763671874,0.0025435968183971968,0.08478031158447266,0.024463082800148875,manhattan,6,distance,36,"{'model__metric': 'manhattan', 'model__n_neighbors': 6, 'model__weights': 'distance', 'pca__n_components': 36}",0.78,0.77625,0.790625,0.77625,0.7775,0.780125,0.005425633603552689,39
0.01957669258117676,0.004610801005881123,0.03509650230407715,0.023094331752256635,euclidean,2,distance,48,"{'model__metric': 'euclidean', 'model__n_neighbors': 2, 'model__weights': 'distance', 'pca__n_components': 48}",0.781875,0.769375,0.78625,0.788125,0.775,0.780125,0.0070200605410494655,39
0.023629188537597656,0.00689204638127259,0.02069859504699707,0.0012966724771452855,euclidean,1,distance,48,"{'model__metric': 'euclidean', 'model__n_neighbors': 1, 'model__weights': 'distance', 'pca__n_components': 48}",0.781875,0.769375,0.78625,0.788125,0.775,0.780125,0.0070200605410494655,39
0.023955345153808594,0.00974024053110302,0.04914565086364746,0.0034138041901742395,euclidean,1,uniform,60,"{'model__metric': 'euclidean', 'model__n_neighbors': 1, 'model__weights': 'uniform', 'pca__n_components': 60}",0.7775,0.768125,0.79,0.785,0.776875,0.7795,0.007493747393660965,43
0.01916928291320801,0.0007963611596827116,0.0361729621887207,0.030445323095417896,euclidean,1,distance,60,"{'model__metric': 'euclidean', 'model__n_neighbors': 1, 'model__weights': 'distance', 'pca__n_components': 60}",0.7775,0.768125,0.79,0.785,0.776875,0.7795,0.007493747393660965,43
0.02915778160095215,0.015968635460647047,0.023946380615234374,0.007522228881693479,euclidean,2,distance,60,"{'model__metric': 'euclidean', 'model__n_neighbors': 2, 'model__weights': 'distance', 'pca__n_components': 60}",0.7775,0.768125,0.79,0.785,0.776875,0.7795,0.007493747393660965,43
0.029307222366333006,0.02333068154523128,0.02276477813720703,0.0049134322763522385,euclidean,4,distance,40,"{'model__metric': 'euclidean', 'model__n_neighbors': 4, 'model__weights': 'distance', 'pca__n_components': 40}",0.78,0.77375,0.7825,0.784375,0.77625,0.7793749999999999,0.003913118960624627,46
0.023101997375488282,0.0065710930312590544,0.12670583724975587,0.018817601852675156,manhattan,6,distance,60,"{'model__metric': 'manhattan', 'model__n_neighbors': 6, 'model__weights': 'distance', 'pca__n_components': 60}",0.774375,0.781875,0.77875,0.779375,0.780625,0.779,0.0025495097567963783,47
0.02132878303527832,0.005737640335452803,0.020472097396850585,0.0017648962486900642,euclidean,1,distance,56,"{'model__metric': 'euclidean', 'model__n_neighbors': 1, 'model__weights': 'distance', 'pca__n_components': 56}",0.774375,0.77125,0.79,0.78125,0.77625,0.7786250000000001,0.0065479004268544075,48
0.01932525634765625,0.0019636346854051503,0.02080960273742676,0.001847609345237314,euclidean,2,distance,56,"{'model__metric': 'euclidean', 'model__n_neighbors': 2, 'model__weights': 'distance', 'pca__n_components': 56}",0.774375,0.77125,0.79,0.78125,0.77625,0.7786250000000001,0.0065479004268544075,48
0.02239084243774414,0.0016345362390175597,0.060416793823242186,0.018671478639630174,euclidean,1,uniform,56,"{'model__metric': 'euclidean', 'model__n_neighbors': 1, 'model__weights': 'uniform', 'pca__n_components': 56}",0.774375,0.77125,0.79,0.78125,0.77625,0.7786250000000001,0.0065479004268544075,48
0.019895648956298827,0.003001009542062857,0.03591799736022949,0.0182488909838776,euclidean,6,distance,56,"{'model__metric': 'euclidean', 'model__n_neighbors': 6, 'model__weights': 'distance', 'pca__n_components': 56}",0.78125,0.778125,0.770625,0.78,0.779375,0.7778750000000001,0.003762479235823107,51
0.021346569061279297,0.002146451517767745,0.06041393280029297,0.028830019407503307,euclidean,1,uniform,44,"{'model__metric': 'euclidean', 'model__n_neighbors': 1, 'model__weights': 'uniform', 'pca__n_components': 44}",0.770625,0.776875,0.7875,0.783125,0.77,0.777625,0.006862488615655385,52
0.022507476806640624,0.004682679663250905,0.028661680221557618,0.01354083518110152,euclidean,1,distance,44,"{'model__metric': 'euclidean', 'model__n_neighbors': 1, 'model__weights': 'distance', 'pca__n_components': 44}",0.770625,0.776875,0.7875,0.783125,0.77,0.777625,0.006862488615655385,52
0.022869253158569337,0.006714315944000924,0.028516530990600586,0.010645399405463128,euclidean,2,distance,44,"{'model__metric': 'euclidean', 'model__n_neighbors': 2, 'model__weights': 'distance', 'pca__n_components': 44}",0.770625,0.776875,0.7875,0.783125,0.77,0.777625,0.006862488615655385,52
0.020215225219726563,0.0025246714327853545,0.09046134948730469,0.026719208507774282,manhattan,1,uniform,36,"{'model__metric': 'manhattan', 'model__n_neighbors': 1, 'model__weights': 'uniform', 'pca__n_components': 36}",0.76375,0.780625,0.786875,0.771875,0.7825,0.7771250000000001,0.00827836034489921,55
0.016709566116333008,0.0023006361903676015,0.0766186237335205,0.02332831012581974,manhattan,2,distance,36,"{'model__metric': 'manhattan', 'model__n_neighbors': 2, 'model__weights': 'distance', 'pca__n_components': 36}",0.76375,0.780625,0.786875,0.771875,0.7825,0.7771250000000001,0.00827836034489921,55
0.021021032333374025,0.00392698904687782,0.1019371509552002,0.02519323506099749,manhattan,3,uniform,44,"{'model__metric': 'manhattan', 'model__n_neighbors': 3, 'model__weights': 'uniform', 'pca__n_components': 44}",0.774375,0.770625,0.779375,0.78125,0.78,0.7771250000000001,0.004003904344511744,55
0.02040839195251465,0.0030344044520013522,0.10444259643554688,0.021847571091928624,manhattan,3,uniform,52,"{'model__metric': 'manhattan', 'model__n_neighbors': 3, 'model__weights': 'uniform', 'pca__n_components': 52}",0.780625,0.774375,0.77875,0.778125,0.77375,0.7771250000000001,0.0026398390102428467,55
0.031798791885375974,0.018575892169219548,0.10276923179626465,0.025014352484639037,manhattan,3,distance,44,"{'model__metric': 'manhattan', 'model__n_neighbors': 3, 'model__weights': 'distance', 'pca__n_components': 44}",0.774375,0.770625,0.779375,0.78125,0.78,0.7771250000000001,0.004003904344511744,55
0.020513534545898438,0.007892816494114946,0.11543912887573242,0.021726425988995126,manhattan,3,distance,52,"{'model__metric': 'manhattan', 'model__n_neighbors': 3, 'model__weights': 'distance', 'pca__n_components': 52}",0.780625,0.774375,0.77875,0.778125,0.77375,0.7771250000000001,0.0026398390102428467,55
0.023272609710693358,0.006594622965311248,0.07431082725524903,0.02167283770964564,manhattan,1,distance,36,"{'model__metric': 'manhattan', 'model__n_neighbors': 1, 'model__weights': 'distance', 'pca__n_components': 36}",0.76375,0.780625,0.786875,0.771875,0.7825,0.7771250000000001,0.00827836034489921,55
0.020622920989990235,0.0009923008690044105,0.03825764656066895,0.03128142875174406,euclidean,6,distance,52,"{'model__metric': 'euclidean', 'model__n_neighbors': 6, 'model__weights': 'distance', 'pca__n_components': 52}",0.77875,0.77625,0.774375,0.781875,0.7725,0.77675,0.0032929849680798794,62
0.025686216354370118,0.017043294728351824,0.1251389980316162,0.02600751962789125,manhattan,8,distance,52,"{'model__metric': 'manhattan', 'model__n_neighbors': 8, 'model__weights': 'distance', 'pca__n_components': 52}",0.765,0.776875,0.786875,0.77125,0.7775,0.7755000000000001,0.0072607678657287955,63
0.020303916931152344,0.0020358805767222293,0.023531103134155275,0.0025079973495803235,euclidean,6,distance,60,"{'model__metric': 'euclidean', 'model__n_neighbors': 6, 'model__weights': 'distance', 'pca__n_components': 60}",0.76875,0.786875,0.770625,0.776875,0.773125,0.77525,0.006417748826496707,64
0.021966552734375,0.004677811783344875,0.02845926284790039,0.018184254067988743,euclidean,2,distance,40,"{'model__metric': 'euclidean', 'model__n_neighbors': 2, 'model__weights': 'distance', 'pca__n_components': 40}",0.770625,0.764375,0.785625,0.783125,0.771875,0.7751250000000001,0.008007808689023474,65
0.021564626693725587,0.0009053375324753896,0.021598672866821288,0.005468955313691362,euclidean,1,distance,40,"{'model__metric': 'euclidean', 'model__n_neighbors': 1, 'model__weights': 'distance', 'pca__n_components': 40}",0.770625,0.764375,0.785625,0.783125,0.771875,0.7751250000000001,0.008007808689023474,65
0.020763444900512695,0.0010818566669530613,0.05951457023620606,0.02736025914011371,euclidean,1,uniform,40,"{'model__metric': 'euclidean', 'model__n_neighbors': 1, 'model__weights': 'uniform', 'pca__n_components': 40}",0.770625,0.764375,0.785625,0.783125,0.771875,0.7751250000000001,0.008007808689023474,65
0.03198814392089844,0.020511794413274657,0.07967066764831543,0.0025616286979906664,manhattan,3,uniform,48,"{'model__metric': 'manhattan', 'model__n_neighbors': 3, 'model__weights': 'uniform', 'pca__n_components': 48}",0.78,0.769375,0.778125,0.779375,0.766875,0.7747499999999998,0.0055000000000000075,68
0.01512594223022461,0.0012763032978763715,0.1097480297088623,0.023411530613655397,manhattan,3,distance,48,"{'model__metric': 'manhattan', 'model__n_neighbors': 3, 'model__weights': 'distance', 'pca__n_components': 48}",0.78,0.769375,0.778125,0.779375,0.766875,0.7747499999999998,0.0055000000000000075,68
0.018962335586547852,0.002124649910037255,0.020438432693481445,0.0014788221291064112,euclidean,4,distance,36,"{'model__metric': 'euclidean', 'model__n_neighbors': 4, 'model__weights': 'distance', 'pca__n_components': 36}",0.773125,0.77125,0.7825,0.778125,0.7675,0.7745000000000001,0.0052648599221631716,70
0.020091152191162108,0.0037472559963456736,0.035475969314575195,0.0158272413954534,euclidean,6,distance,40,"{'model__metric': 'euclidean', 'model__n_neighbors': 6, 'model__weights': 'distance', 'pca__n_components': 40}",0.76375,0.773125,0.77625,0.78625,0.77125,0.774125,0.007327175444876414,71
0.024968910217285156,0.00761705094330494,0.06891460418701172,0.06788991196463101,euclidean,6,distance,44,"{'model__metric': 'euclidean', 'model__n_neighbors': 6, 'model__weights': 'distance', 'pca__n_components': 44}",0.765625,0.774375,0.773125,0.786875,0.768125,0.7736249999999999,0.007356969484781087,72
0.025577402114868163,0.014998419407909193,0.10394930839538574,0.008467305200662762,manhattan,8,distance,48,"{'model__metric': 'manhattan', 'model__n_neighbors': 8, 'model__weights': 'distance', 'pca__n_components': 48}",0.7725,0.766875,0.781875,0.7675,0.77875,0.7735000000000001,0.005976516543940981,73
0.020254993438720705,0.0028174947525703028,0.11834902763366699,0.03730663286474441,manhattan,8,distance,44,"{'model__metric': 'manhattan', 'model__n_neighbors': 8, 'model__weights': 'distance', 'pca__n_components': 44}",0.77,0.770625,0.783125,0.76625,0.7775,0.7735,0.006028577775893731,74
0.01710062026977539,0.0013879945959586817,0.07587337493896484,0.020527932260993396,manhattan,3,uniform,40,"{'model__metric': 'manhattan', 'model__n_neighbors': 3, 'model__weights': 'uniform', 'pca__n_components': 40}",0.781875,0.76125,0.781875,0.774375,0.7675,0.7733749999999999,0.008087413059810913,75
0.017397022247314452,0.008139376593108238,0.08299803733825684,0.0259276380168725,manhattan,3,distance,40,"{'model__metric': 'manhattan', 'model__n_neighbors': 3, 'model__weights': 'distance', 'pca__n_components': 40}",0.781875,0.76125,0.781875,0.774375,0.7675,0.7733749999999999,0.008087413059810913,75
0.021075677871704102,0.005384046353231325,0.021722745895385743,0.0024487166804201084,euclidean,6,distance,48,"{'model__metric': 'euclidean', 'model__n_neighbors': 6, 'model__weights': 'distance', 'pca__n_components': 48}",0.769375,0.778125,0.76625,0.780625,0.769375,0.77275,0.00558457697592216,77
0.025893592834472658,0.0184894928522271,0.11677594184875488,0.028471674210833995,manhattan,8,distance,40,"{'model__metric': 'manhattan', 'model__n_neighbors': 8, 'model__weights': 'distance', 'pca__n_components': 40}",0.774375,0.765625,0.78625,0.775625,0.760625,0.7725,0.00883883476483185,78
0.01878814697265625,0.003712035776698791,0.12130374908447265,0.028423204384045466,manhattan,3,distance,56,"{'model__metric': 'manhattan', 'model__n_neighbors': 3, 'model__weights': 'distance', 'pca__n_components': 56}",0.77125,0.77125,0.7725,0.765,0.780625,0.7721250000000001,0.004993746088859546,79
0.029852628707885742,0.023929773226956524,0.10978474617004394,0.020235846676432297,manhattan,3,uniform,56,"{'model__metric': 'manhattan', 'model__n_neighbors': 3, 'model__weights': 'uniform', 'pca__n_components': 56}",0.77125,0.77125,0.7725,0.765,0.780625,0.7721250000000001,0.004993746088859546,79
0.029762458801269532,0.016323804012574748,0.1400280475616455,0.025030476916471152,manhattan,3,distance,60,"{'model__metric': 'manhattan', 'model__n_neighbors': 3, 'model__weights': 'distance', 'pca__n_components': 60}",0.774375,0.765625,0.78,0.763125,0.773125,0.77125,0.006123724356957939,81
0.03201298713684082,0.02970216530837226,0.11865015029907226,0.017175498334409692,manhattan,3,uniform,60,"{'model__metric': 'manhattan', 'model__n_neighbors': 3, 'model__weights': 'uniform', 'pca__n_components': 60}",0.77375,0.765625,0.78,0.763125,0.773125,0.771125,0.0060647547353540965,82
0.01578946113586426,0.002862872786932252,0.13646383285522462,0.029208930847558066,manhattan,8,distance,56,"{'model__metric': 'manhattan', 'model__n_neighbors': 8, 'model__weights': 'distance', 'pca__n_components': 56}",0.765625,0.769375,0.78,0.766875,0.77125,0.7706250000000001,0.005077524002897487,83
0.021104192733764647,0.002132524014610615,0.061749601364135744,0.029562476388865368,euclidean,3,uniform,44,"{'model__metric': 'euclidean', 'model__n_neighbors': 3, 'model__weights': 'uniform', 'pca__n_components': 44}",0.769375,0.775,0.77,0.769375,0.759375,0.768625,0.005083674851915689,84
0.02271580696105957,0.004030624673956204,0.018576383590698242,0.0017514694292325938,euclidean,3,distance,44,"{'model__metric': 'euclidean', 'model__n_neighbors': 3, 'model__weights': 'distance', 'pca__n_components': 44}",0.769375,0.775,0.77,0.769375,0.759375,0.768625,0.005083674851915689,84
0.018116092681884764,0.002193937846746994,0.08390321731567382,0.026477870901341037,manhattan,3,distance,36,"{'model__metric': 'manhattan', 'model__n_neighbors': 3, 'model__weights': 'distance', 'pca__n_components': 36}",0.781875,0.759375,0.7675,0.76875,0.765625,0.7686249999999999,0.007367581014145678,86
0.01988043785095215,0.004996548508292414,0.0753138542175293,0.028816796618278698,manhattan,3,uniform,36,"{'model__metric': 'manhattan', 'model__n_neighbors': 3, 'model__weights': 'uniform', 'pca__n_components': 36}",0.781875,0.759375,0.7675,0.76875,0.765625,0.7686249999999999,0.007367581014145678,86
0.023195600509643553,0.003014487747830856,0.13241219520568848,0.026996432710142643,manhattan,8,distance,60,"{'model__metric': 'manhattan', 'model__n_neighbors': 8, 'model__weights': 'distance', 'pca__n_components': 60}",0.763125,0.76625,0.779375,0.760625,0.7725,0.768375,0.006784633372555958,88
0.03188810348510742,0.021337668469417276,0.022774791717529295,0.0023028961191840698,euclidean,6,distance,36,"{'model__metric': 'euclidean', 'model__n_neighbors': 6, 'model__weights': 'distance', 'pca__n_components': 36}",0.76,0.76875,0.77375,0.775625,0.7625,0.7681250000000001,0.006098155458825252,89
0.02421393394470215,0.012580819491656807,0.022334861755371093,0.002350593978931623,euclidean,3,distance,52,"{'model__metric': 'euclidean', 'model__n_neighbors': 3, 'model__weights': 'distance', 'pca__n_components': 52}",0.7625,0.76,0.776875,0.775625,0.763125,0.767625,0.007130480348475825,90
0.021542453765869142,0.004289203892086508,0.05489635467529297,0.019192739637099308,euclidean,1,uniform,36,"{'model__metric': 'euclidean', 'model__n_neighbors': 1, 'model__weights': 'uniform', 'pca__n_components': 36}",0.7625,0.756875,0.771875,0.77375,0.7725,0.7675,0.006649718039135212,91
0.017680644989013672,0.0017877944931651638,0.04924020767211914,0.00482448720393583,euclidean,3,uniform,52,"{'model__metric': 'euclidean', 'model__n_neighbors': 3, 'model__weights': 'uniform', 'pca__n_components': 52}",0.761875,0.76,0.776875,0.775625,0.763125,0.7675,0.007224091638399939,91
0.02935633659362793,0.016705963790626086,0.0224761962890625,0.0051142907598777775,euclidean,1,distance,36,"{'model__metric': 'euclidean', 'model__n_neighbors': 1, 'model__weights': 'distance', 'pca__n_components': 36}",0.7625,0.756875,0.771875,0.77375,0.7725,0.7675,0.006649718039135212,91
0.019664573669433593,0.0027597024184225515,0.031142807006835936,0.01905428979127977,euclidean,2,distance,36,"{'model__metric': 'euclidean', 'model__n_neighbors': 2, 'model__weights': 'distance', 'pca__n_components': 36}",0.7625,0.756875,0.771875,0.77375,0.7725,0.7675,0.006649718039135212,91
0.03131017684936523,0.017637051001262918,0.026720857620239256,0.006451980552149474,euclidean,8,distance,56,"{'model__metric': 'euclidean', 'model__n_neighbors': 8, 'model__weights': 'distance', 'pca__n_components': 56}",0.773125,0.76875,0.76375,0.77,0.76125,0.767375,0.004301162633521304,95
0.018140554428100586,0.0010971865099550187,0.03443942070007324,0.01755198293055571,euclidean,3,distance,48,"{'model__metric': 'euclidean', 'model__n_neighbors': 3, 'model__weights': 'distance', 'pca__n_components': 48}",0.761875,0.766875,0.773125,0.774375,0.76,0.76725,0.0057771100041456745,96
0.020797061920166015,0.00421910532045055,0.06242899894714356,0.02611191443195667,euclidean,3,uniform,48,"{'model__metric': 'euclidean', 'model__n_neighbors': 3, 'model__weights': 'uniform', 'pca__n_components': 48}",0.761875,0.766875,0.773125,0.774375,0.76,0.76725,0.0057771100041456745,96
0.028425979614257812,0.019257980862894816,0.086322021484375,0.0036421493611235424,manhattan,8,distance,36,"{'model__metric': 'manhattan', 'model__n_neighbors': 8, 'model__weights': 'distance', 'pca__n_components': 36}",0.76375,0.765,0.7775,0.765,0.765,0.76725,0.005147815070493479,96
0.02802438735961914,0.018404542670753837,0.028949975967407227,0.007243636382527122,euclidean,3,distance,56,"{'model__metric': 'euclidean', 'model__n_neighbors': 3, 'model__weights': 'distance', 'pca__n_components': 56}",0.7625,0.763125,0.77625,0.77125,0.761875,0.767,0.005747281966286327,99
0.03045806884765625,0.016379130881504913,0.07225055694580078,0.02310531657104377,euclidean,3,uniform,56,"{'model__metric': 'euclidean', 'model__n_neighbors': 3, 'model__weights': 'uniform', 'pca__n_components': 56}",0.761875,0.763125,0.77625,0.77125,0.761875,0.766875,0.005849679478398796,100
0.032078218460083005,0.023245660536545087,0.02832622528076172,0.0066361592341165265,euclidean,8,distance,60,"{'model__metric': 'euclidean', 'model__n_neighbors': 8, 'model__weights': 'distance', 'pca__n_components': 60}",0.77125,0.77,0.759375,0.769375,0.76,0.766,0.005193144519460244,101
0.019925785064697266,0.002569528131479503,0.02431769371032715,0.0010236397049452183,euclidean,8,distance,52,"{'model__metric': 'euclidean', 'model__n_neighbors': 8, 'model__weights': 'distance', 'pca__n_components': 52}",0.766875,0.765625,0.764375,0.771875,0.75875,0.7655000000000001,0.004227883631321919,102
0.018090200424194337,0.0029180240603208,0.03154854774475098,0.017174722429211142,euclidean,8,distance,40,"{'model__metric': 'euclidean', 'model__n_neighbors': 8, 'model__weights': 'distance', 'pca__n_components': 40}",0.7625,0.76125,0.760625,0.78875,0.753125,0.76525,0.012200153687556538,103
0.02197580337524414,0.0026177483484919554,0.03761200904846192,0.022764379190649397,euclidean,8,distance,48,"{'model__metric': 'euclidean', 'model__n_neighbors': 8, 'model__weights': 'distance', 'pca__n_components': 48}",0.76125,0.7725,0.764375,0.77125,0.756875,0.76525,0.005923997805536394,103
0.02155580520629883,0.007476947816542583,0.06180968284606934,0.024579811326064443,euclidean,3,uniform,40,"{'model__metric': 'euclidean', 'model__n_neighbors': 3, 'model__weights': 'uniform', 'pca__n_components': 40}",0.7675,0.7575,0.773125,0.77625,0.75125,0.7651249999999999,0.009424038412485387,105
0.020772123336791994,0.0014465221686787383,0.03277230262756348,0.02544633277885876,euclidean,3,distance,40,"{'model__metric': 'euclidean', 'model__n_neighbors': 3, 'model__weights': 'distance', 'pca__n_components': 40}",0.7675,0.7575,0.773125,0.77625,0.75125,0.7651249999999999,0.009424038412485387,105
0.016734552383422852,0.0022021222809333247,0.12565293312072753,0.03352857459561028,manhattan,10,distance,48,"{'model__metric': 'manhattan', 'model__n_neighbors': 10, 'model__weights': 'distance', 'pca__n_components': 48}",0.76,0.755625,0.774375,0.7575,0.775625,0.764625,0.008593238621148625,107
0.026093053817749023,0.014012123533828774,0.07588205337524415,0.004981159885377272,manhattan,4,uniform,44,"{'model__metric': 'manhattan', 'model__n_neighbors': 4, 'model__weights': 'uniform', 'pca__n_components': 44}",0.77125,0.765625,0.763125,0.764375,0.756875,0.76425,0.004616546328154853,108
0.018422603607177734,0.0019868130804519594,0.11381421089172364,0.017093351778284815,manhattan,5,distance,48,"{'model__metric': 'manhattan', 'model__n_neighbors': 5, 'model__weights': 'distance', 'pca__n_components': 48}",0.784375,0.759375,0.76125,0.758125,0.7575,0.764125,0.010205696938475116,109
0.020766448974609376,0.005274313058092933,0.034592390060424805,0.023535991208675524,euclidean,8,distance,44,"{'model__metric': 'euclidean', 'model__n_neighbors': 8, 'model__weights': 'distance', 'pca__n_components': 44}",0.7625,0.765625,0.759375,0.778125,0.755,0.7641249999999999,0.007832225098910253,110
0.017450284957885743,0.004193258045040666,0.11025934219360352,0.024510276341666488,manhattan,10,distance,52,"{'model__metric': 'manhattan', 'model__n_neighbors': 10, 'model__weights': 'distance', 'pca__n_components': 52}",0.76,0.755625,0.769375,0.760625,0.77375,0.7638750000000001,0.006654415827103103,111
0.03232383728027344,0.027081264439232245,0.08117537498474121,0.006260662448325982,manhattan,5,uniform,48,"{'model__metric': 'manhattan', 'model__n_neighbors': 5, 'model__weights': 'uniform', 'pca__n_components': 48}",0.784375,0.759375,0.76125,0.7575,0.756875,0.763875,0.010363698664087092,112
0.016739797592163087,0.0024623772988837792,0.1076807975769043,0.023755726151949468,manhattan,4,uniform,48,"{'model__metric': 'manhattan', 'model__n_neighbors': 4, 'model__weights': 'uniform', 'pca__n_components': 48}",0.764375,0.76625,0.7575,0.76625,0.763125,0.7635,0.003225871975140999,113
0.03219590187072754,0.023424167209541255,0.10012025833129883,0.02693684632261529,manhattan,5,distance,44,"{'model__metric': 'manhattan', 'model__n_neighbors': 5, 'model__weights': 'distance', 'pca__n_components': 44}",0.768125,0.7525,0.77,0.76625,0.759375,0.76325,0.006463841736923957,114
0.020637941360473634,0.004702690988290318,0.10099406242370605,0.03565457888112038,manhattan,5,uniform,44,"{'model__metric': 'manhattan', 'model__n_neighbors': 5, 'model__weights': 'uniform', 'pca__n_components': 44}",0.768125,0.7525,0.77,0.765625,0.75875,0.763,0.006487969636180498,115
0.01849398612976074,0.0008418099532041833,0.04505739212036133,0.027555008553023223,euclidean,8,distance,36,"{'model__metric': 'euclidean', 'model__n_neighbors': 8, 'model__weights': 'distance', 'pca__n_components': 36}",0.760625,0.76875,0.75625,0.775625,0.75125,0.7625,0.00872317316118397,116
0.02219676971435547,0.006636310282877543,0.09747467041015626,0.02296170771972796,manhattan,10,distance,40,"{'model__metric': 'manhattan', 'model__n_neighbors': 10, 'model__weights': 'distance', 'pca__n_components': 40}",0.75875,0.766875,0.77125,0.76,0.755,0.7623749999999999,0.0058683472971527385,117
0.01878829002380371,0.003949640656991029,0.09740815162658692,0.03217785822723833,manhattan,10,distance,36,"{'model__metric': 'manhattan', 'model__n_neighbors': 10, 'model__weights': 'distance', 'pca__n_components': 36}",0.755,0.7675,0.764375,0.760625,0.76375,0.7622500000000001,0.004231577719952684,118
0.021844863891601562,0.0077139926710970575,0.0202939510345459,0.0016328093978952398,euclidean,3,distance,60,"{'model__metric': 'euclidean', 'model__n_neighbors': 3, 'model__weights': 'distance', 'pca__n_components': 60}",0.76125,0.761875,0.761875,0.7675,0.75875,0.76225,0.0028668362352949083,119
0.02433500289916992,0.005160414908857322,0.05375175476074219,0.008395649441203688,euclidean,3,uniform,60,"{'model__metric': 'euclidean', 'model__n_neighbors': 3, 'model__weights': 'uniform', 'pca__n_components': 60}",0.760625,0.761875,0.761875,0.7675,0.75875,0.7621249999999999,0.002920830361386959,120
0.020970773696899415,0.00469301451705427,0.05166878700256348,0.007653910630375318,euclidean,4,uniform,56,"{'model__metric': 'euclidean', 'model__n_neighbors': 4, 'model__weights': 'uniform', 'pca__n_components': 56}",0.763125,0.75125,0.768125,0.76375,0.7625,0.7617499999999999,0.005609701418079221,121
0.0175750732421875,0.0019186034284579265,0.10972747802734376,0.028769738207773947,manhattan,4,uniform,52,"{'model__metric': 'manhattan', 'model__n_neighbors': 4, 'model__weights': 'uniform', 'pca__n_components': 52}",0.7625,0.760625,0.765625,0.765,0.75375,0.7615000000000001,0.004268342769740957,122
0.02419447898864746,0.007387606072508802,0.06813383102416992,0.026644698585502318,euclidean,4,uniform,60,"{'model__metric': 'euclidean', 'model__n_neighbors': 4, 'model__weights': 'uniform', 'pca__n_components': 60}",0.756875,0.7625,0.761875,0.7675,0.7575,0.76125,0.0038527587518556116,123
0.019185876846313475,0.00406572927689957,0.15605292320251465,0.02535931453169333,manhattan,10,distance,60,"{'model__metric': 'manhattan', 'model__n_neighbors': 10, 'model__weights': 'distance', 'pca__n_components': 60}",0.751875,0.764375,0.77625,0.753125,0.75875,0.7608750000000001,0.00887940031758902,124
0.016712760925292967,0.0013346575344480782,0.1253817558288574,0.0279448440828085,manhattan,5,distance,52,"{'model__metric': 'manhattan', 'model__n_neighbors': 5, 'model__weights': 'distance', 'pca__n_components': 52}",0.77125,0.756875,0.768125,0.759375,0.74875,0.7608749999999999,0.008068069781552445,125
0.020724773406982422,0.006117638340309997,0.11888084411621094,0.026916915907786193,manhattan,4,uniform,60,"{'model__metric': 'manhattan', 'model__n_neighbors': 4, 'model__weights': 'uniform', 'pca__n_components': 60}",0.755625,0.7625,0.7625,0.759375,0.764375,0.7608749999999999,0.0030771334062727903,125
0.020352602005004883,0.0006954525690083141,0.10298123359680175,0.029308769279746526,manhattan,5,uniform,52,"{'model__metric': 'manhattan', 'model__n_neighbors': 5, 'model__weights': 'uniform', 'pca__n_components': 52}",0.77125,0.756875,0.768125,0.75875,0.748125,0.7606249999999999,0.0082821343867387,127
0.01883091926574707,0.00553250863535894,0.08706455230712891,0.019400470370781183,manhattan,6,uniform,44,"{'model__metric': 'manhattan', 'model__n_neighbors': 6, 'model__weights': 'uniform', 'pca__n_components': 44}",0.76,0.755,0.76125,0.76,0.765625,0.760375,0.0033911649915626314,128
0.021588611602783202,0.0020620065758546243,0.11544256210327149,0.02602575250464471,manhattan,2,uniform,60,"{'model__metric': 'manhattan', 'model__n_neighbors': 2, 'model__weights': 'uniform', 'pca__n_components': 60}",0.76375,0.7625,0.761875,0.76125,0.7525,0.760375,0.00402336923485779,128
0.02344069480895996,0.004541536352673224,0.14529237747192383,0.03353299098372306,manhattan,10,distance,44,"{'model__metric': 'manhattan', 'model__n_neighbors': 10, 'model__weights': 'distance', 'pca__n_components': 44}",0.75625,0.75375,0.771875,0.75375,0.765,0.760125,0.007185053931599943,130
0.019646692276000976,0.002222548641096672,0.06238293647766113,0.027815196127629716,euclidean,4,uniform,48,"{'model__metric': 'euclidean', 'model__n_neighbors': 4, 'model__weights': 'uniform', 'pca__n_components': 48}",0.75625,0.758125,0.765,0.770625,0.75,0.76,0.007147989227747902,131
0.018628978729248048,0.003812723956532245,0.07735018730163574,0.023132829118543773,manhattan,4,uniform,40,"{'model__metric': 'manhattan', 'model__n_neighbors': 4, 'model__weights': 'uniform', 'pca__n_components': 40}",0.761875,0.754375,0.761875,0.766875,0.755,0.76,0.004710360920354175,131
0.022153282165527345,0.004751192591633329,0.05748176574707031,0.06572765239855209,euclidean,10,distance,56,"{'model__metric': 'euclidean', 'model__n_neighbors': 10, 'model__weights': 'distance', 'pca__n_components': 56}",0.75875,0.758125,0.760625,0.76625,0.755625,0.7598750000000001,0.0035663356544217667,133
0.022744035720825194,0.008669528228374399,0.1346719741821289,0.02304884231277478,manhattan,10,distance,56,"{'model__metric': 'manhattan', 'model__n_neighbors': 10, 'model__weights': 'distance', 'pca__n_components': 56}",0.7575,0.7575,0.766875,0.75125,0.763125,0.75925,0.005353153276340979,134
0.021009397506713868,0.0017449219721138204,0.025348091125488283,0.0024349659186979067,euclidean,10,distance,48,"{'model__metric': 'euclidean', 'model__n_neighbors': 10, 'model__weights': 'distance', 'pca__n_components': 48}",0.751875,0.7625,0.75375,0.775,0.751875,0.759,0.00891452466483773,135
0.020132970809936524,0.002521261286858885,0.03315262794494629,0.029361493556226862,euclidean,3,distance,36,"{'model__metric': 'euclidean', 'model__n_neighbors': 3, 'model__weights': 'distance', 'pca__n_components': 36}",0.7625,0.755625,0.766875,0.76,0.749375,0.758875,0.005986965007414008,136
0.01940498352050781,0.0011972886306586452,0.06779990196228028,0.017094260197904824,euclidean,3,uniform,36,"{'model__metric': 'euclidean', 'model__n_neighbors': 3, 'model__weights': 'uniform', 'pca__n_components': 36}",0.7625,0.755625,0.766875,0.76,0.749375,0.758875,0.005986965007414008,136
0.030320072174072267,0.019281203111367023,0.053013038635253903,0.00634945329309347,euclidean,4,uniform,52,"{'model__metric': 'euclidean', 'model__n_neighbors': 4, 'model__weights': 'uniform', 'pca__n_components': 52}",0.7525,0.75125,0.7625,0.770625,0.75625,0.758625,0.007163274390947214,138
0.028316164016723634,0.01758140041412858,0.033820295333862306,0.007359220803417785,euclidean,10,distance,52,"{'model__metric': 'euclidean', 'model__n_neighbors': 10, 'model__weights': 'distance', 'pca__n_components': 52}",0.76125,0.759375,0.75,0.766875,0.755,0.7585,0.005709093623334608,139
0.02044234275817871,0.0016832699555970943,0.0761070728302002,0.015487850277577162,manhattan,6,uniform,40,"{'model__metric': 'manhattan', 'model__n_neighbors': 6, 'model__weights': 'uniform', 'pca__n_components': 40}",0.759375,0.751875,0.765,0.761875,0.751875,0.758,0.005309190145398844,140
0.022106313705444337,0.004604566547466617,0.03769111633300781,0.01755239987948153,euclidean,10,distance,44,"{'model__metric': 'euclidean', 'model__n_neighbors': 10, 'model__weights': 'distance', 'pca__n_components': 44}",0.75375,0.765,0.753125,0.775,0.7425,0.7578750000000001,0.011135528725660033,141
0.02831296920776367,0.016383212707522608,0.1251218795776367,0.02758983585496485,manhattan,5,distance,56,"{'model__metric': 'manhattan', 'model__n_neighbors': 5, 'model__weights': 'distance', 'pca__n_components': 56}",0.75625,0.75375,0.76375,0.758125,0.754375,0.7572500000000001,0.0035925269657999877,142
0.022382640838623048,0.0022777525040174416,0.08062644004821777,0.028731762364078036,manhattan,5,distance,36,"{'model__metric': 'manhattan', 'model__n_neighbors': 5, 'model__weights': 'distance', 'pca__n_components': 36}",0.759375,0.754375,0.76875,0.755625,0.748125,0.75725,0.006796138609534098,143
0.017209815979003906,0.001976820255526358,0.07334723472595214,0.01973985782465077,manhattan,5,uniform,36,"{'model__metric': 'manhattan', 'model__n_neighbors': 5, 'model__weights': 'uniform', 'pca__n_components': 36}",0.759375,0.754375,0.76875,0.755,0.748125,0.7571249999999999,0.00683053804615713,144
0.028069114685058592,0.019268155431900545,0.029105234146118163,0.007859949637764258,euclidean,5,distance,56,"{'model__metric': 'euclidean', 'model__n_neighbors': 5, 'model__weights': 'distance', 'pca__n_components': 56}",0.759375,0.75625,0.75625,0.754375,0.75875,0.757,0.0018285923547909852,145
0.026913881301879883,0.019931597414378298,0.11611618995666503,0.020690273433818997,manhattan,5,uniform,56,"{'model__metric': 'manhattan', 'model__n_neighbors': 5, 'model__weights': 'uniform', 'pca__n_components': 56}",0.75625,0.75375,0.76375,0.7575,0.75375,0.757,0.0036742346141747707,145
0.030639219284057616,0.02447664830631536,0.11272997856140136,0.026056697650776204,manhattan,4,uniform,56,"{'model__metric': 'manhattan', 'model__n_neighbors': 4, 'model__weights': 'uniform', 'pca__n_components': 56}",0.761875,0.751875,0.75875,0.7575,0.755,0.7569999999999999,0.003386554296036021,147
0.022388601303100587,0.003926136005274255,0.05953478813171387,0.023403244719887747,euclidean,4,uniform,44,"{'model__metric': 'euclidean', 'model__n_neighbors': 4, 'model__weights': 'uniform', 'pca__n_components': 44}",0.759375,0.755,0.761875,0.761875,0.74625,0.756875,0.005876329636771581,148
0.019854211807250978,0.001184947683514983,0.08349981307983398,0.02367666231151743,manhattan,5,distance,40,"{'model__metric': 'manhattan', 'model__n_neighbors': 5, 'model__weights': 'distance', 'pca__n_components': 40}",0.7575,0.76125,0.768125,0.751875,0.745,0.75675,0.007899762654662468,149
0.02565460205078125,0.006636031528422979,0.07695660591125489,0.019493292427822516,euclidean,5,uniform,56,"{'model__metric': 'euclidean', 'model__n_neighbors': 5, 'model__weights': 'uniform', 'pca__n_components': 56}",0.75875,0.75625,0.75625,0.75375,0.758125,0.7566250000000001,0.0017500000000000087,150
0.022786378860473633,0.012824112096553928,0.07357478141784668,0.021952949547107612,manhattan,5,uniform,40,"{'model__metric': 'manhattan', 'model__n_neighbors': 5, 'model__weights': 'uniform', 'pca__n_components': 40}",0.7575,0.76125,0.768125,0.75125,0.745,0.756625,0.00798044484975617,151
0.022479963302612305,0.006579243180113279,0.020928049087524415,0.0011687744447292656,euclidean,5,distance,48,"{'model__metric': 'euclidean', 'model__n_neighbors': 5, 'model__weights': 'distance', 'pca__n_components': 48}",0.746875,0.7625,0.756875,0.75875,0.758125,0.756625,0.0052231456039440564,151
0.03342194557189941,0.025749757014854338,0.10955991744995117,0.03029248811220202,manhattan,6,uniform,48,"{'model__metric': 'manhattan', 'model__n_neighbors': 6, 'model__weights': 'uniform', 'pca__n_components': 48}",0.761875,0.758125,0.749375,0.758125,0.754375,0.756375,0.004227883631321935,153
0.019487333297729493,0.0013488568852920092,0.0331967830657959,0.013317269811151724,euclidean,10,distance,60,"{'model__metric': 'euclidean', 'model__n_neighbors': 10, 'model__weights': 'distance', 'pca__n_components': 60}",0.76375,0.75375,0.755,0.76,0.749375,0.756375,0.005006246098625202,153
0.017444849014282227,0.0025805727992561124,0.12336611747741699,0.031826090209984906,manhattan,2,uniform,56,"{'model__metric': 'manhattan', 'model__n_neighbors': 2, 'model__weights': 'uniform', 'pca__n_components': 56}",0.75625,0.75875,0.76125,0.75875,0.74625,0.75625,0.005244044240850773,155
0.02337183952331543,0.00904659690385571,0.07104277610778809,0.04025684056669793,euclidean,5,uniform,48,"{'model__metric': 'euclidean', 'model__n_neighbors': 5, 'model__weights': 'uniform', 'pca__n_components': 48}",0.745625,0.7625,0.756875,0.75875,0.756875,0.7561249999999999,0.005637486141889838,156
0.0187685489654541,0.004153675187497766,0.10233159065246582,0.026987655055322916,manhattan,6,uniform,52,"{'model__metric': 'manhattan', 'model__n_neighbors': 6, 'model__weights': 'uniform', 'pca__n_components': 52}",0.755625,0.744375,0.763125,0.766875,0.75,0.756,0.00825,157
0.02017216682434082,0.0011463678843566865,0.06796422004699706,0.021702335234849168,euclidean,6,uniform,56,"{'model__metric': 'euclidean', 'model__n_neighbors': 6, 'model__weights': 'uniform', 'pca__n_components': 56}",0.7625,0.7575,0.7475,0.759375,0.753125,0.756,0.005223145603944011,157
0.01963014602661133,0.00290958798220703,0.039336442947387695,0.029051285612220337,euclidean,10,distance,40,"{'model__metric': 'euclidean', 'model__n_neighbors': 10, 'model__weights': 'distance', 'pca__n_components': 40}",0.75375,0.759375,0.745,0.775625,0.745,0.7557500000000001,0.011342673847025671,159
0.021158790588378905,0.0016621608141528191,0.025417518615722657,0.0032873904326434045,euclidean,5,distance,60,"{'model__metric': 'euclidean', 'model__n_neighbors': 5, 'model__weights': 'distance', 'pca__n_components': 60}",0.7525,0.76,0.75875,0.753125,0.754375,0.75575,0.0030465144017384964,160
0.0366215705871582,0.02863441369489686,0.05380349159240723,0.0012162186478198655,euclidean,6,uniform,60,"{'model__metric': 'euclidean', 'model__n_neighbors': 6, 'model__weights': 'uniform', 'pca__n_components': 60}",0.75125,0.761875,0.75375,0.759375,0.750625,0.755375,0.004482605269260277,161
0.023165559768676756,0.0019571352128094186,0.0821803092956543,0.01794549338423281,euclidean,5,uniform,60,"{'model__metric': 'euclidean', 'model__n_neighbors': 5, 'model__weights': 'uniform', 'pca__n_components': 60}",0.751875,0.76,0.75875,0.7525,0.75375,0.755375,0.003344772040064937,161
0.018265247344970703,0.0032093335823384396,0.0733273983001709,0.01680297319426415,manhattan,4,uniform,36,"{'model__metric': 'manhattan', 'model__n_neighbors': 4, 'model__weights': 'uniform', 'pca__n_components': 36}",0.76125,0.76125,0.755625,0.7525,0.745,0.755125,0.006077622890571607,163
0.01847362518310547,0.0024221101559080594,0.027004289627075195,0.006721474092234269,euclidean,10,distance,36,"{'model__metric': 'euclidean', 'model__n_neighbors': 10, 'model__weights': 'distance', 'pca__n_components': 36}",0.751875,0.755,0.74625,0.776875,0.740625,0.7541249999999999,0.012390772776546266,164
0.029371309280395507,0.018907580735566032,0.05862350463867187,0.006661298276358811,euclidean,6,uniform,52,"{'model__metric': 'euclidean', 'model__n_neighbors': 6, 'model__weights': 'uniform', 'pca__n_components': 52}",0.75625,0.75,0.74625,0.7675,0.75,0.754,0.007474958193863017,165
0.021129798889160157,0.003625342314664455,0.12793073654174805,0.024833350229116983,manhattan,5,distance,60,"{'model__metric': 'manhattan', 'model__n_neighbors': 5, 'model__weights': 'distance', 'pca__n_components': 60}",0.74875,0.75375,0.753125,0.755,0.759375,0.754,0.0034141250709369122,165
0.0180877685546875,0.0032683533381527253,0.12081537246704102,0.026568327446901883,manhattan,5,uniform,60,"{'model__metric': 'manhattan', 'model__n_neighbors': 5, 'model__weights': 'uniform', 'pca__n_components': 60}",0.74875,0.75375,0.753125,0.754375,0.759375,0.7538750000000001,0.003386554296036014,167
0.018968820571899414,0.0020825884911274957,0.1400435447692871,0.03321440400781041,manhattan,6,uniform,60,"{'model__metric': 'manhattan', 'model__n_neighbors': 6, 'model__weights': 'uniform', 'pca__n_components': 60}",0.744375,0.756875,0.7525,0.75125,0.763125,0.753625,0.006217415057722958,168
0.02164177894592285,0.004694662054488835,0.03371114730834961,0.023176981235181665,euclidean,5,distance,52,"{'model__metric': 'euclidean', 'model__n_neighbors': 5, 'model__weights': 'distance', 'pca__n_components': 52}",0.75375,0.75375,0.75375,0.7525,0.75375,0.7535000000000001,0.0005000000000000337,169
0.03674149513244629,0.028282108080032918,0.06504182815551758,0.012622052110084384,euclidean,5,uniform,52,"{'model__metric': 'euclidean', 'model__n_neighbors': 5, 'model__weights': 'uniform', 'pca__n_components': 52}",0.75375,0.75375,0.75375,0.7525,0.7525,0.75325,0.0006123724356958359,170
0.03664307594299317,0.03397756367980929,0.11495499610900879,0.034941256940641895,manhattan,2,uniform,48,"{'model__metric': 'manhattan', 'model__n_neighbors': 2, 'model__weights': 'uniform', 'pca__n_components': 48}",0.745,0.755,0.74875,0.773125,0.7425,0.7528750000000001,0.010965856099730628,171
0.03143010139465332,0.020081099947693817,0.04921135902404785,0.007106024806642705,euclidean,4,uniform,40,"{'model__metric': 'euclidean', 'model__n_neighbors': 4, 'model__weights': 'uniform', 'pca__n_components': 40}",0.759375,0.755,0.76,0.755,0.734375,0.75275,0.009425696260754433,172
0.017601728439331055,0.0014422907405047885,0.027589893341064452,0.009743256508372598,euclidean,5,distance,40,"{'model__metric': 'euclidean', 'model__n_neighbors': 5, 'model__weights': 'distance', 'pca__n_components': 40}",0.74875,0.74875,0.753125,0.764375,0.748125,0.7526250000000001,0.006141559248269122,173
0.018363142013549806,0.0017347559198699705,0.06470327377319336,0.02930998916721392,euclidean,5,uniform,40,"{'model__metric': 'euclidean', 'model__n_neighbors': 5, 'model__weights': 'uniform', 'pca__n_components': 40}",0.748125,0.74875,0.753125,0.764375,0.7475,0.752375,0.006317139384246633,174
0.019225168228149413,0.0022949501860408715,0.13774485588073732,0.04319509648670732,manhattan,6,uniform,56,"{'model__metric': 'manhattan', 'model__n_neighbors': 6, 'model__weights': 'uniform', 'pca__n_components': 56}",0.744375,0.756875,0.749375,0.753125,0.755625,0.7518750000000001,0.0045414755311462265,175
0.020197057723999025,0.0021269932170361497,0.08007421493530273,0.027915782756649934,manhattan,2,uniform,44,"{'model__metric': 'manhattan', 'model__n_neighbors': 2, 'model__weights': 'uniform', 'pca__n_components': 44}",0.75125,0.75375,0.748125,0.759375,0.74625,0.7517499999999999,0.004599592373243537,176
0.021341276168823243,0.005520941834215375,0.0329343318939209,0.014639502561575148,euclidean,5,distance,44,"{'model__metric': 'euclidean', 'model__n_neighbors': 5, 'model__weights': 'distance', 'pca__n_components': 44}",0.739375,0.766875,0.748125,0.754375,0.749375,0.751625,0.009027735042633881,177
0.02547941207885742,0.00986681798329052,0.07074003219604492,0.023832581719866686,euclidean,5,uniform,44,"{'model__metric': 'euclidean', 'model__n_neighbors': 5, 'model__weights': 'uniform', 'pca__n_components': 44}",0.73875,0.766875,0.748125,0.754375,0.74875,0.751375,0.009231400218818362,178
0.023683929443359376,0.005719573326350189,0.0914111614227295,0.018682024961651604,manhattan,8,uniform,44,"{'model__metric': 'manhattan', 'model__n_neighbors': 8, 'model__weights': 'uniform', 'pca__n_components': 44}",0.751875,0.753125,0.758125,0.745625,0.748125,0.751375,0.00430116263352133,178
0.031495189666748045,0.015440026500721349,0.05213799476623535,0.006050225934509281,euclidean,6,uniform,48,"{'model__metric': 'euclidean', 'model__n_neighbors': 6, 'model__weights': 'uniform', 'pca__n_components': 48}",0.755625,0.75125,0.746875,0.756875,0.74625,0.751375,0.004355312847546092,178
0.05656299591064453,0.051436258597313635,0.08536982536315918,0.025565713425419977,manhattan,6,uniform,36,"{'model__metric': 'manhattan', 'model__n_neighbors': 6, 'model__weights': 'uniform', 'pca__n_components': 36}",0.7525,0.7475,0.759375,0.7425,0.749375,0.7502500000000001,0.005598548919139657,181
0.031770181655883786,0.02881799968274404,0.07420792579650878,0.04190332046370664,euclidean,6,uniform,36,"{'model__metric': 'euclidean', 'model__n_neighbors': 6, 'model__weights': 'uniform', 'pca__n_components': 36}",0.749375,0.754375,0.76,0.75375,0.73375,0.7502500000000001,0.008914524664837718,181
0.01995706558227539,0.001902766577123575,0.03813300132751465,0.028631612525872516,euclidean,5,distance,36,"{'model__metric': 'euclidean', 'model__n_neighbors': 5, 'model__weights': 'distance', 'pca__n_components': 36}",0.749375,0.750625,0.758125,0.76,0.7325,0.750125,0.00972593183196345,183
0.022874069213867188,0.007481423266739774,0.10117959976196289,0.024436552452747628,manhattan,8,uniform,52,"{'model__metric': 'manhattan', 'model__n_neighbors': 8, 'model__weights': 'uniform', 'pca__n_components': 52}",0.748125,0.748125,0.755,0.75125,0.746875,0.7498750000000001,0.0029421505739849535,184
0.018432998657226564,0.0018856382779430655,0.10691041946411133,0.029593093101206388,manhattan,2,uniform,52,"{'model__metric': 'manhattan', 'model__n_neighbors': 2, 'model__weights': 'uniform', 'pca__n_components': 52}",0.749375,0.75125,0.749375,0.759375,0.73875,0.749625,0.006574096896152352,185
0.018648719787597655,0.0023044912233810295,0.06628537178039551,0.026369422641099854,euclidean,5,uniform,36,"{'model__metric': 'euclidean', 'model__n_neighbors': 5, 'model__weights': 'uniform', 'pca__n_components': 36}",0.7475,0.750625,0.758125,0.759375,0.731875,0.7495,0.009877373132569197,186
0.029907083511352538,0.017993549387086954,0.04927182197570801,0.0021253116889716436,euclidean,2,uniform,60,"{'model__metric': 'euclidean', 'model__n_neighbors': 2, 'model__weights': 'uniform', 'pca__n_components': 60}",0.741875,0.76,0.75125,0.759375,0.735,0.7494999999999999,0.009789982124600654,187
0.023940038681030274,0.0076044284136100315,0.08642616271972656,0.025571871607851786,manhattan,8,uniform,48,"{'model__metric': 'manhattan', 'model__n_neighbors': 8, 'model__weights': 'uniform', 'pca__n_components': 48}",0.74625,0.74625,0.751875,0.748125,0.75125,0.7487499999999999,0.002404423007708913,188
0.019204187393188476,0.0013882889312613134,0.06396193504333496,0.022208340672485963,euclidean,6,uniform,44,"{'model__metric': 'euclidean', 'model__n_neighbors': 6, 'model__weights': 'uniform', 'pca__n_components': 44}",0.743125,0.755625,0.74375,0.76,0.740625,0.7486250000000001,0.007699431797217244,189
0.02123422622680664,0.0016996040644184597,0.06414899826049805,0.027342105215988708,euclidean,6,uniform,40,"{'model__metric': 'euclidean', 'model__n_neighbors': 6, 'model__weights': 'uniform', 'pca__n_components': 40}",0.743125,0.751875,0.746875,0.763125,0.735625,0.7481250000000002,0.009185586535436937,190
0.03213753700256348,0.019378340096478132,0.05175857543945313,0.0033126494524220247,euclidean,2,uniform,52,"{'model__metric': 'euclidean', 'model__n_neighbors': 2, 'model__weights': 'uniform', 'pca__n_components': 52}",0.745625,0.75,0.750625,0.75875,0.73375,0.74775,0.008183443651666459,191
0.018007564544677734,0.0016654197997901965,0.09052352905273438,0.024533539242023415,manhattan,8,uniform,40,"{'model__metric': 'manhattan', 'model__n_neighbors': 8, 'model__weights': 'uniform', 'pca__n_components': 40}",0.7425,0.746875,0.753125,0.755625,0.739375,0.7474999999999999,0.006149186938124419,192
0.032627534866333005,0.024882265881562057,0.05085015296936035,0.005940558413849594,euclidean,4,uniform,36,"{'model__metric': 'euclidean', 'model__n_neighbors': 4, 'model__weights': 'uniform', 'pca__n_components': 36}",0.75,0.7525,0.756875,0.746875,0.730625,0.7473749999999999,0.00899131525417722,193
0.02138075828552246,0.004282723236315818,0.0667884349822998,0.019510898914745296,manhattan,8,uniform,36,"{'model__metric': 'manhattan', 'model__n_neighbors': 8, 'model__weights': 'uniform', 'pca__n_components': 36}",0.74875,0.75,0.74625,0.74875,0.7425,0.7472500000000001,0.002669269563007819,194
0.02028656005859375,0.0012664158285179807,0.06518731117248536,0.02228493093333341,euclidean,2,uniform,48,"{'model__metric': 'euclidean', 'model__n_neighbors': 2, 'model__weights': 'uniform', 'pca__n_components': 48}",0.7525,0.745625,0.74375,0.753125,0.73875,0.74675,0.005440013786747228,195
0.024819612503051758,0.00854185457902613,0.06433000564575195,0.021119474639577012,euclidean,8,uniform,60,"{'model__metric': 'euclidean', 'model__n_neighbors': 8, 'model__weights': 'uniform', 'pca__n_components': 60}",0.753125,0.741875,0.7425,0.75625,0.739375,0.7466250000000001,0.006738415985971779,196
0.021670198440551756,0.00320262638085906,0.06752686500549317,0.01936275669857854,euclidean,8,uniform,56,"{'model__metric': 'euclidean', 'model__n_neighbors': 8, 'model__weights': 'uniform', 'pca__n_components': 56}",0.754375,0.74375,0.741875,0.75,0.740625,0.7461249999999999,0.005235097897842997,197
0.018550729751586913,0.0017042118247503403,0.09215216636657715,0.027154981778197262,manhattan,2,uniform,36,"{'model__metric': 'manhattan', 'model__n_neighbors': 2, 'model__weights': 'uniform', 'pca__n_components': 36}",0.751875,0.745625,0.738125,0.753125,0.740625,0.7458750000000001,0.005937171043518957,198
0.01786212921142578,0.0015714081146281926,0.0796687126159668,0.030255129921558214,manhattan,2,uniform,40,"{'model__metric': 'manhattan', 'model__n_neighbors': 2, 'model__weights': 'uniform', 'pca__n_components': 40}",0.73875,0.749375,0.749375,0.7475,0.74375,0.74575,0.004058170770186983,199
0.026157474517822264,0.006631383321208388,0.05727381706237793,0.017918561768239055,euclidean,2,uniform,56,"{'model__metric': 'euclidean', 'model__n_neighbors': 2, 'model__weights': 'uniform', 'pca__n_components': 56}",0.744375,0.749375,0.751875,0.75625,0.723125,0.745,0.011592023119369615,200
0.019364547729492188,0.0029191073894897354,0.0665090560913086,0.02610398837362194,euclidean,8,uniform,52,"{'model__metric': 'euclidean', 'model__n_neighbors': 8, 'model__weights': 'uniform', 'pca__n_components': 52}",0.750625,0.745625,0.73875,0.750625,0.733125,0.74375,0.0068693158320170256,201
0.02348337173461914,0.003264619044734737,0.11663231849670411,0.04551876365627793,euclidean,10,uniform,48,"{'model__metric': 'euclidean', 'model__n_neighbors': 10, 'model__weights': 'uniform', 'pca__n_components': 48}",0.736875,0.744375,0.7325,0.76625,0.738125,0.743625,0.011933408984862615,202
0.027355051040649413,0.018319119477952936,0.05950088500976562,0.005472584796034594,euclidean,8,uniform,40,"{'model__metric': 'euclidean', 'model__n_neighbors': 8, 'model__weights': 'uniform', 'pca__n_components': 40}",0.740625,0.74,0.731875,0.768125,0.733125,0.74275,0.01316719408226366,203
0.01967449188232422,0.00046069151135091923,0.06572561264038086,0.020156496116627964,euclidean,8,uniform,36,"{'model__metric': 'euclidean', 'model__n_neighbors': 8, 'model__weights': 'uniform', 'pca__n_components': 36}",0.745,0.746875,0.7275,0.75625,0.73625,0.742375,0.00978199877325691,204
0.01815657615661621,0.002444947868354443,0.11427621841430664,0.019906960874690502,manhattan,8,uniform,60,"{'model__metric': 'manhattan', 'model__n_neighbors': 8, 'model__weights': 'uniform', 'pca__n_components': 60}",0.72875,0.745625,0.749375,0.73625,0.75,0.742,0.008248105843161813,205
0.019440937042236327,0.0022899863094385676,0.07230358123779297,0.02132574441057339,euclidean,8,uniform,48,"{'model__metric': 'euclidean', 'model__n_neighbors': 8, 'model__weights': 'uniform', 'pca__n_components': 48}",0.743125,0.744375,0.7325,0.7575,0.731875,0.7418750000000001,0.009379165741152001,206
0.031615400314331056,0.026142118328525248,0.05836081504821777,0.005485902950550732,euclidean,10,uniform,44,"{'model__metric': 'euclidean', 'model__n_neighbors': 10, 'model__weights': 'uniform', 'pca__n_components': 44}",0.7375,0.740625,0.733125,0.765625,0.731875,0.7417499999999999,0.012338962679253052,207
0.030262136459350587,0.0224444716355976,0.06266889572143555,0.0050142227671472524,manhattan,10,uniform,40,"{'model__metric': 'manhattan', 'model__n_neighbors': 10, 'model__weights': 'uniform', 'pca__n_components': 40}",0.741875,0.75,0.7475,0.743125,0.725625,0.741625,0.008520196593976008,208
0.022883844375610352,0.004023430320739815,0.06160688400268555,0.016721808224171155,euclidean,8,uniform,44,"{'model__metric': 'euclidean', 'model__n_neighbors': 8, 'model__weights': 'uniform', 'pca__n_components': 44}",0.740625,0.741875,0.735,0.76,0.73,0.7415,0.01017503071248437,209
0.021176481246948244,0.0020937859705190097,0.06789665222167969,0.029330057455457272,euclidean,2,uniform,44,"{'model__metric': 'euclidean', 'model__n_neighbors': 2, 'model__weights': 'uniform', 'pca__n_components': 44}",0.74375,0.7425,0.743125,0.7475,0.73,0.741375,0.0059476886266851825,210
0.021576547622680665,0.005192577856837186,0.06452608108520508,0.013916786117879991,euclidean,10,uniform,52,"{'model__metric': 'euclidean', 'model__n_neighbors': 10, 'model__weights': 'uniform', 'pca__n_components': 52}",0.74,0.740625,0.73125,0.75875,0.73625,0.741375,0.00930725523449317,210
0.02077341079711914,0.0018664362214824949,0.07098855972290039,0.022899497717960057,euclidean,10,uniform,60,"{'model__metric': 'euclidean', 'model__n_neighbors': 10, 'model__weights': 'uniform', 'pca__n_components': 60}",0.7425,0.7425,0.7325,0.75125,0.73625,0.741,0.006393355926272202,212
0.02162313461303711,0.004063686345105163,0.10201621055603027,0.027122250716696404,manhattan,10,uniform,44,"{'model__metric': 'manhattan', 'model__n_neighbors': 10, 'model__weights': 'uniform', 'pca__n_components': 44}",0.735625,0.7425,0.741875,0.743125,0.740625,0.74075,0.002692582403567271,213
0.026960039138793947,0.018594163647001474,0.11002101898193359,0.023969340415645524,manhattan,8,uniform,56,"{'model__metric': 'manhattan', 'model__n_neighbors': 8, 'model__weights': 'uniform', 'pca__n_components': 56}",0.735625,0.74,0.74625,0.74,0.74125,0.740625,0.003400367627183858,214
0.023670434951782227,0.007821582460024989,0.06419363021850585,0.023985183619260584,euclidean,10,uniform,56,"{'model__metric': 'euclidean', 'model__n_neighbors': 10, 'model__weights': 'uniform', 'pca__n_components': 56}",0.73625,0.738125,0.740625,0.74875,0.734375,0.739625,0.005009366227378482,215
0.02011399269104004,0.002123135111487368,0.09146432876586914,0.022278316294027378,manhattan,10,uniform,48,"{'model__metric': 'manhattan', 'model__n_neighbors': 10, 'model__weights': 'uniform', 'pca__n_components': 48}",0.734375,0.74,0.74125,0.73625,0.7425,0.7388750000000001,0.003072051431861139,216
0.02353076934814453,0.0030735996100977564,0.10903587341308593,0.027614022023061402,manhattan,10,uniform,52,"{'model__metric': 'manhattan', 'model__n_neighbors': 10, 'model__weights': 'uniform', 'pca__n_components': 52}",0.73125,0.736875,0.748125,0.7375,0.73875,0.7385,0.005457219988235796,217
0.018197250366210938,0.0029933042113247962,0.13123078346252443,0.025022783267350034,manhattan,10,uniform,60,"{'model__metric': 'manhattan', 'model__n_neighbors': 10, 'model__weights': 'uniform', 'pca__n_components': 60}",0.725,0.74875,0.75125,0.73,0.734375,0.737875,0.010365206220813947,218
0.026446151733398437,0.004221155200582214,0.10459351539611816,0.022890601904587072,manhattan,10,uniform,56,"{'model__metric': 'manhattan', 'model__n_neighbors': 10, 'model__weights': 'uniform', 'pca__n_components': 56}",0.7325,0.74,0.744375,0.73625,0.733125,0.7372500000000001,0.004447611718664289,219
0.032355546951293945,0.024141481986005842,0.05421924591064453,0.004262478984395793,euclidean,10,uniform,36,"{'model__metric': 'euclidean', 'model__n_neighbors': 10, 'model__weights': 'uniform', 'pca__n_components': 36}",0.738125,0.74,0.724375,0.755625,0.728125,0.73725,0.010908712114635712,220
0.016979408264160157,0.002572646838693948,0.07662672996520996,0.031195812406719967,manhattan,10,uniform,36,"{'model__metric': 'manhattan', 'model__n_neighbors': 10, 'model__weights': 'uniform', 'pca__n_components': 36}",0.73625,0.745625,0.7325,0.7375,0.729375,0.7362500000000001,0.00549147065912219,221
0.02183079719543457,0.003484543371846152,0.06584758758544922,0.01756972770940044,euclidean,10,uniform,40,"{'model__metric': 'euclidean', 'model__n_neighbors': 10, 'model__weights': 'uniform', 'pca__n_components': 40}",0.73125,0.745,0.72375,0.75625,0.725,0.73625,0.012524975049875348,222
0.02886509895324707,0.017164152196129098,0.05324053764343262,0.009657232851920368,euclidean,2,uniform,40,"{'model__metric': 'euclidean', 'model__n_neighbors': 2, 'model__weights': 'uniform', 'pca__n_components': 40}",0.734375,0.74375,0.735625,0.7425,0.724375,0.736125,0.006930458137814573,223
0.019801855087280273,0.0023955333033079166,0.05848736763000488,0.025425092292475082,euclidean,2,uniform,36,"{'model__metric': 'euclidean', 'model__n_neighbors': 2, 'model__weights': 'uniform', 'pca__n_components': 36}",0.73375,0.739375,0.7325,0.749375,0.7225,0.7355,0.008815823841252719,224
0.019429636001586915,0.006645813231905685,0.1354161262512207,0.01795966990421931,chebyshev,6,distance,48,"{'model__metric': 'chebyshev', 'model__n_neighbors': 6, 'model__weights': 'distance', 'pca__n_components': 48}",0.686875,0.67125,0.681875,0.7075,0.674375,0.684375,0.012802587629069379,225
0.02066493034362793,0.008851115009239914,0.11622099876403809,0.027023866247642917,chebyshev,6,distance,40,"{'model__metric': 'chebyshev', 'model__n_neighbors': 6, 'model__weights': 'distance', 'pca__n_components': 40}",0.685,0.670625,0.681875,0.708125,0.674375,0.6839999999999999,0.013107726728918332,226
0.0173647403717041,0.003174785720436606,0.1534489154815674,0.024433907342288414,chebyshev,6,distance,52,"{'model__metric': 'chebyshev', 'model__n_neighbors': 6, 'model__weights': 'distance', 'pca__n_components': 52}",0.685,0.66875,0.68125,0.70875,0.675,0.6837500000000001,0.013670223114492317,227
0.021015310287475587,0.006343290891234242,0.11644964218139649,0.023239634138809136,chebyshev,6,distance,44,"{'model__metric': 'chebyshev', 'model__n_neighbors': 6, 'model__weights': 'distance', 'pca__n_components': 44}",0.686875,0.67,0.68,0.706875,0.675,0.6837500000000001,0.01283914911510883,227
0.015679645538330077,0.0005099569403985117,0.10138835906982421,0.03272370886299662,chebyshev,6,distance,36,"{'model__metric': 'chebyshev', 'model__n_neighbors': 6, 'model__weights': 'distance', 'pca__n_components': 36}",0.684375,0.670625,0.680625,0.705625,0.676875,0.6836249999999999,0.011900630235411876,229
0.02729802131652832,0.01662726867586524,0.09548726081848144,0.007202519513578236,chebyshev,8,distance,36,"{'model__metric': 'chebyshev', 'model__n_neighbors': 8, 'model__weights': 'distance', 'pca__n_components': 36}",0.6825,0.671875,0.691875,0.69625,0.67375,0.68325,0.009629057586285399,230
0.029411983489990235,0.017490143229804942,0.12388043403625489,0.02692876714812036,chebyshev,8,distance,40,"{'model__metric': 'chebyshev', 'model__n_neighbors': 8, 'model__weights': 'distance', 'pca__n_components': 40}",0.681875,0.673125,0.6925,0.694375,0.67375,0.683125,0.008987839006123781,231
0.031532812118530276,0.02784876336624031,0.1756433963775635,0.03162373330894233,chebyshev,6,distance,60,"{'model__metric': 'chebyshev', 'model__n_neighbors': 6, 'model__weights': 'distance', 'pca__n_components': 60}",0.684375,0.668125,0.68,0.708125,0.674375,0.683,0.013695345924802349,232
0.018920755386352538,0.0026897064395375804,0.13704142570495606,0.030393183937920225,chebyshev,8,distance,52,"{'model__metric': 'chebyshev', 'model__n_neighbors': 8, 'model__weights': 'distance', 'pca__n_components': 52}",0.684375,0.67,0.68875,0.695,0.67625,0.6828749999999999,0.008870597499605053,233
0.017966222763061524,0.002472568878697749,0.16662001609802246,0.038439566000797364,chebyshev,6,distance,56,"{'model__metric': 'chebyshev', 'model__n_neighbors': 6, 'model__weights': 'distance', 'pca__n_components': 56}",0.684375,0.666875,0.68,0.7075,0.674375,0.682625,0.013746590486371531,234
0.016192197799682617,0.0016438559256852156,0.14809856414794922,0.031097215220981092,chebyshev,8,distance,48,"{'model__metric': 'chebyshev', 'model__n_neighbors': 8, 'model__weights': 'distance', 'pca__n_components': 48}",0.68375,0.67125,0.68875,0.693125,0.675625,0.6825000000000001,0.008091276166341114,235
0.01766061782836914,0.0032533761281627973,0.184264612197876,0.03512635839789615,chebyshev,8,distance,56,"{'model__metric': 'chebyshev', 'model__n_neighbors': 8, 'model__weights': 'distance', 'pca__n_components': 56}",0.685,0.668125,0.688125,0.694375,0.674375,0.6819999999999999,0.009490126448051162,236
0.030363130569458007,0.01581410568091808,0.12299342155456543,0.029345081354755324,chebyshev,8,distance,44,"{'model__metric': 'chebyshev', 'model__n_neighbors': 8, 'model__weights': 'distance', 'pca__n_components': 44}",0.683125,0.67,0.68875,0.691875,0.675,0.6817500000000001,0.008210130936836493,237
0.02005457878112793,0.0019773912445850213,0.17570838928222657,0.023398066125634387,chebyshev,8,distance,60,"{'model__metric': 'chebyshev', 'model__n_neighbors': 8, 'model__weights': 'distance', 'pca__n_components': 60}",0.68375,0.666875,0.6875,0.695,0.674375,0.6815,0.009878954904239613,238
0.015216398239135741,0.0020554979473502437,0.1260530948638916,0.023202339580006,chebyshev,4,distance,44,"{'model__metric': 'chebyshev', 'model__n_neighbors': 4, 'model__weights': 'distance', 'pca__n_components': 44}",0.6675,0.671875,0.685,0.69875,0.681875,0.681,0.010930176119349589,239
0.020891618728637696,0.00494356871014079,0.13922300338745117,0.0303385749622132,chebyshev,4,distance,48,"{'model__metric': 'chebyshev', 'model__n_neighbors': 4, 'model__weights': 'distance', 'pca__n_components': 48}",0.665,0.673125,0.686875,0.69625,0.683125,0.680875,0.010858464440242004,240
0.021046209335327148,0.0015645855928471415,0.14632139205932618,0.019754860439981592,chebyshev,4,distance,52,"{'model__metric': 'chebyshev', 'model__n_neighbors': 4, 'model__weights': 'distance', 'pca__n_components': 52}",0.66375,0.673125,0.685,0.698125,0.68375,0.68075,0.01162835972955775,241
0.017608642578125,0.002816110599684752,0.11472315788269043,0.02708042523295593,chebyshev,4,distance,40,"{'model__metric': 'chebyshev', 'model__n_neighbors': 4, 'model__weights': 'distance', 'pca__n_components': 40}",0.663125,0.67125,0.685,0.701875,0.681875,0.680625,0.013163633616900788,242
0.018386697769165038,0.003865987558507864,0.1658641815185547,0.02726797822548421,chebyshev,4,distance,56,"{'model__metric': 'chebyshev', 'model__n_neighbors': 4, 'model__weights': 'distance', 'pca__n_components': 56}",0.663125,0.6725,0.685,0.69875,0.681875,0.68025,0.01200650865156063,243
0.017954540252685548,0.003028219873840078,0.17265920639038085,0.03207792955140626,chebyshev,4,distance,60,"{'model__metric': 'chebyshev', 'model__n_neighbors': 4, 'model__weights': 'distance', 'pca__n_components': 60}",0.6625,0.673125,0.684375,0.698125,0.681875,0.6799999999999999,0.011871710070583772,244
0.03319640159606933,0.027071452011620676,0.10821576118469238,0.029932299905243855,chebyshev,10,distance,36,"{'model__metric': 'chebyshev', 'model__n_neighbors': 10, 'model__weights': 'distance', 'pca__n_components': 36}",0.675,0.675,0.68375,0.6975,0.666875,0.679625,0.010410331406828502,245
0.01772284507751465,0.0030675570954131408,0.10997767448425293,0.019274977399002222,chebyshev,10,distance,40,"{'model__metric': 'chebyshev', 'model__n_neighbors': 10, 'model__weights': 'distance', 'pca__n_components': 40}",0.67375,0.675,0.68375,0.69625,0.6675,0.6792499999999999,0.009956153875869954,246
0.01963038444519043,0.006102540060025832,0.1481153964996338,0.024820602304151916,chebyshev,10,distance,52,"{'model__metric': 'chebyshev', 'model__n_neighbors': 10, 'model__weights': 'distance', 'pca__n_components': 52}",0.674375,0.670625,0.680625,0.698125,0.67,0.67875,0.010398317171542704,247
0.025647592544555665,0.015200310165302966,0.11100945472717286,0.021051548094101574,chebyshev,4,distance,36,"{'model__metric': 'chebyshev', 'model__n_neighbors': 4, 'model__weights': 'distance', 'pca__n_components': 36}",0.6625,0.6675,0.68375,0.698125,0.680625,0.6785,0.01260332297451748,248
0.018898582458496092,0.003252053346713685,0.16480765342712403,0.041413644164640995,chebyshev,10,distance,48,"{'model__metric': 'chebyshev', 'model__n_neighbors': 10, 'model__weights': 'distance', 'pca__n_components': 48}",0.674375,0.671875,0.68125,0.695,0.67,0.6784999999999999,0.009088110364646748,249
0.032333755493164064,0.027771184171394115,0.12399444580078126,0.024136686826089358,chebyshev,10,distance,44,"{'model__metric': 'chebyshev', 'model__n_neighbors': 10, 'model__weights': 'distance', 'pca__n_components': 44}",0.67375,0.6725,0.681875,0.694375,0.66875,0.67825,0.00912927981825511,250
0.026549386978149413,0.022571197674198216,0.15983548164367675,0.019578564802620387,chebyshev,10,distance,60,"{'model__metric': 'chebyshev', 'model__n_neighbors': 10, 'model__weights': 'distance', 'pca__n_components': 60}",0.673125,0.669375,0.680625,0.698125,0.67,0.67825,0.010712142642814263,250
0.03312592506408692,0.02513258252458871,0.15064530372619628,0.018291401068889542,chebyshev,10,distance,56,"{'model__metric': 'chebyshev', 'model__n_neighbors': 10, 'model__weights': 'distance', 'pca__n_components': 56}",0.674375,0.66875,0.68,0.6975,0.67,0.678125,0.010458250331675956,252
0.026807880401611327,0.01798393493877622,0.09806199073791504,0.02365412820453299,chebyshev,8,uniform,40,"{'model__metric': 'chebyshev', 'model__n_neighbors': 8, 'model__weights': 'uniform', 'pca__n_components': 40}",0.683125,0.664375,0.679375,0.6825,0.6575,0.6733750000000001,0.01046273147892078,253
0.01965923309326172,0.002782557431149478,0.09417281150817872,0.026615969400612602,chebyshev,8,uniform,36,"{'model__metric': 'chebyshev', 'model__n_neighbors': 8, 'model__weights': 'uniform', 'pca__n_components': 36}",0.684375,0.661875,0.681875,0.68375,0.655,0.6733750000000001,0.012415967541838999,253
0.01882181167602539,0.0015722807850651968,0.12176704406738281,0.029306614168605725,chebyshev,10,uniform,52,"{'model__metric': 'chebyshev', 'model__n_neighbors': 10, 'model__weights': 'uniform', 'pca__n_components': 52}",0.681875,0.655,0.676875,0.68875,0.664375,0.673375,0.012161671348955272,255
0.021667623519897462,0.0019279403451915606,0.1419097900390625,0.02311331298343298,chebyshev,8,uniform,52,"{'model__metric': 'chebyshev', 'model__n_neighbors': 8, 'model__weights': 'uniform', 'pca__n_components': 52}",0.685625,0.6625,0.675625,0.6825,0.66,0.6732500000000001,0.010348611017909608,256
0.01769113540649414,0.003733149834366794,0.10342569351196289,0.03187227372362265,chebyshev,10,uniform,40,"{'model__metric': 'chebyshev', 'model__n_neighbors': 10, 'model__weights': 'uniform', 'pca__n_components': 40}",0.680625,0.66125,0.678125,0.685625,0.660625,0.67325,0.010341058939973224,257
0.028698015213012695,0.02080299369888003,0.0874971866607666,0.010636546809230997,chebyshev,10,uniform,44,"{'model__metric': 'chebyshev', 'model__n_neighbors': 10, 'model__weights': 'uniform', 'pca__n_components': 44}",0.68125,0.6575,0.6775,0.685625,0.6625,0.6728750000000001,0.010937321427113702,258
0.018765926361083984,0.0019269482972799987,0.15716958045959473,0.030742747908630443,chebyshev,8,uniform,56,"{'model__metric': 'chebyshev', 'model__n_neighbors': 8, 'model__weights': 'uniform', 'pca__n_components': 56}",0.685625,0.660625,0.675625,0.681875,0.660625,0.6728750000000001,0.010500000000000004,258
0.020763397216796875,0.004257691415171979,0.1497798442840576,0.028967624291867753,chebyshev,8,uniform,60,"{'model__metric': 'chebyshev', 'model__n_neighbors': 8, 'model__weights': 'uniform', 'pca__n_components': 60}",0.68625,0.66,0.675625,0.681875,0.660625,0.6728750000000001,0.010800752288613973,258
0.022545766830444337,0.0034140556417166226,0.10122747421264648,0.02420579175268057,chebyshev,8,uniform,44,"{'model__metric': 'chebyshev', 'model__n_neighbors': 8, 'model__weights': 'uniform', 'pca__n_components': 44}",0.683125,0.663125,0.6775,0.68,0.660625,0.672875,0.009190688222325905,261
0.030545806884765624,0.021970675770346195,0.13509178161621094,0.021773055765324397,chebyshev,10,uniform,56,"{'model__metric': 'chebyshev', 'model__n_neighbors': 10, 'model__weights': 'uniform', 'pca__n_components': 56}",0.681875,0.653125,0.6775,0.68875,0.6625,0.67275,0.013053974490552686,262
0.03059353828430176,0.015197957090004386,0.12328543663024902,0.04900671880756585,chebyshev,8,uniform,48,"{'model__metric': 'chebyshev', 'model__n_neighbors': 8, 'model__weights': 'uniform', 'pca__n_components': 48}",0.684375,0.6625,0.675625,0.68125,0.66,0.67275,0.009831391051117834,262
0.03105020523071289,0.02295508490942333,0.07324333190917968,0.006926289574950452,chebyshev,10,uniform,36,"{'model__metric': 'chebyshev', 'model__n_neighbors': 10, 'model__weights': 'uniform', 'pca__n_components': 36}",0.68125,0.660625,0.68,0.68375,0.658125,0.67275,0.011015613918434152,262
0.021061515808105467,0.003498621317748082,0.12275328636169433,0.020294694462655777,chebyshev,10,uniform,48,"{'model__metric': 'chebyshev', 'model__n_neighbors': 10, 'model__weights': 'uniform', 'pca__n_components': 48}",0.68125,0.655,0.675625,0.68625,0.665,0.672625,0.011294356998076516,265
0.01717228889465332,0.0020058649228872527,0.15055742263793945,0.02792775135173556,chebyshev,10,uniform,60,"{'model__metric': 'chebyshev', 'model__n_neighbors': 10, 'model__weights': 'uniform', 'pca__n_components': 60}",0.680625,0.651875,0.678125,0.68875,0.6625,0.672375,0.013319393754972488,266
0.01970562934875488,0.005163468544921571,0.13182082176208496,0.04352614926272071,chebyshev,3,distance,40,"{'model__metric': 'chebyshev', 'model__n_neighbors': 3, 'model__weights': 'distance', 'pca__n_components': 40}",0.6625,0.66875,0.675,0.6825,0.668125,0.6713749999999999,0.006828250141873847,267
0.026928138732910157,0.02034940816813758,0.14297776222229003,0.015819725021303833,chebyshev,3,distance,56,"{'model__metric': 'chebyshev', 'model__n_neighbors': 3, 'model__weights': 'distance', 'pca__n_components': 56}",0.66375,0.668125,0.671875,0.68125,0.67125,0.67125,0.005768990379607187,268
0.01983785629272461,0.002329987669867073,0.09592189788818359,0.03166970248563679,chebyshev,6,uniform,40,"{'model__metric': 'chebyshev', 'model__n_neighbors': 6, 'model__weights': 'uniform', 'pca__n_components': 40}",0.6725,0.655625,0.669375,0.689375,0.669375,0.67125,0.01078192932642389,268
0.016846227645874023,0.001641031947916465,0.09280519485473633,0.02618176439623399,chebyshev,3,uniform,40,"{'model__metric': 'chebyshev', 'model__n_neighbors': 3, 'model__weights': 'uniform', 'pca__n_components': 40}",0.6625,0.66875,0.675,0.681875,0.668125,0.6712499999999999,0.006626179140349305,270
0.017162561416625977,0.0011526790474320888,0.1479623794555664,0.02354831751984102,chebyshev,3,uniform,56,"{'model__metric': 'chebyshev', 'model__n_neighbors': 3, 'model__weights': 'uniform', 'pca__n_components': 56}",0.66375,0.668125,0.671875,0.680625,0.67125,0.6711250000000001,0.005553714972880794,271
0.017281007766723634,0.0028784205419165004,0.12645068168640136,0.019743123522718148,chebyshev,3,distance,48,"{'model__metric': 'chebyshev', 'model__n_neighbors': 3, 'model__weights': 'distance', 'pca__n_components': 48}",0.663125,0.67,0.673125,0.679375,0.67,0.6711249999999999,0.005264859922163162,272
0.01959714889526367,0.002544503520079648,0.1302485466003418,0.03297073070157977,chebyshev,6,uniform,52,"{'model__metric': 'chebyshev', 'model__n_neighbors': 6, 'model__weights': 'uniform', 'pca__n_components': 52}",0.67375,0.65125,0.668125,0.689375,0.6725,0.671,0.012212954188074223,273
0.03217644691467285,0.02722392523386848,0.15515098571777344,0.01920412713178443,chebyshev,5,distance,60,"{'model__metric': 'chebyshev', 'model__n_neighbors': 5, 'model__weights': 'distance', 'pca__n_components': 60}",0.669375,0.654375,0.67,0.69625,0.665,0.671,0.013810095944634128,273
0.01892962455749512,0.003773309087413219,0.11773843765258789,0.025442338977493633,chebyshev,3,distance,36,"{'model__metric': 'chebyshev', 'model__n_neighbors': 3, 'model__weights': 'distance', 'pca__n_components': 36}",0.66375,0.666875,0.6725,0.681875,0.67,0.6709999999999999,0.006182131509439133,275
0.019082021713256837,0.0014096911388019762,0.13469281196594238,0.02748458028099299,chebyshev,3,uniform,48,"{'model__metric': 'chebyshev', 'model__n_neighbors': 3, 'model__weights': 'uniform', 'pca__n_components': 48}",0.663125,0.67,0.673125,0.67875,0.67,0.6709999999999999,0.005071365693775193,275
0.017417287826538085,0.004687964284966068,0.15922751426696777,0.060023108210172954,chebyshev,5,distance,52,"{'model__metric': 'chebyshev', 'model__n_neighbors': 5, 'model__weights': 'distance', 'pca__n_components': 52}",0.669375,0.655625,0.670625,0.694375,0.664375,0.6708750000000001,0.012879246872391236,277
0.018857192993164063,0.002946696429241224,0.1529000759124756,0.01892203008772697,chebyshev,3,distance,52,"{'model__metric': 'chebyshev', 'model__n_neighbors': 3, 'model__weights': 'distance', 'pca__n_components': 52}",0.663125,0.66875,0.671875,0.68125,0.669375,0.670875,0.0059239978055364104,278
0.025730037689208986,0.01961156427091601,0.09934196472167969,0.00561725572339228,chebyshev,5,distance,40,"{'model__metric': 'chebyshev', 'model__n_neighbors': 5, 'model__weights': 'distance', 'pca__n_components': 40}",0.666875,0.655625,0.674375,0.693125,0.664375,0.670875,0.012634278768493263,278
0.0176605224609375,0.0024128811457473018,0.09956564903259277,0.026699440796943173,chebyshev,3,uniform,36,"{'model__metric': 'chebyshev', 'model__n_neighbors': 3, 'model__weights': 'uniform', 'pca__n_components': 36}",0.66375,0.666875,0.6725,0.68125,0.67,0.6708749999999999,0.005963430220938299,280
0.01948862075805664,0.0011950646780671376,0.1802523136138916,0.026995166880189103,chebyshev,3,distance,60,"{'model__metric': 'chebyshev', 'model__n_neighbors': 3, 'model__weights': 'distance', 'pca__n_components': 60}",0.6625,0.6675,0.671875,0.680625,0.67125,0.6707500000000001,0.005960809508783202,281
0.032770204544067386,0.027922435044323405,0.12416510581970215,0.03337124339324981,chebyshev,3,uniform,52,"{'model__metric': 'chebyshev', 'model__n_neighbors': 3, 'model__weights': 'uniform', 'pca__n_components': 52}",0.663125,0.66875,0.671875,0.680625,0.669375,0.6707500000000001,0.005706356105256686,281
0.021072578430175782,0.0014919806785458113,0.15074777603149414,0.032567974859938474,chebyshev,5,uniform,60,"{'model__metric': 'chebyshev', 'model__n_neighbors': 5, 'model__weights': 'uniform', 'pca__n_components': 60}",0.669375,0.653125,0.67,0.69625,0.665,0.6707500000000001,0.014116701101886394,281
0.022567033767700195,0.011593842840761766,0.164589262008667,0.027545256847595005,chebyshev,6,uniform,60,"{'model__metric': 'chebyshev', 'model__n_neighbors': 6, 'model__weights': 'uniform', 'pca__n_components': 60}",0.67375,0.649375,0.6675,0.69,0.673125,0.67075,0.013058761426720347,284
0.02884082794189453,0.01604888334152504,0.11496310234069824,0.019922160119056082,chebyshev,6,uniform,48,"{'model__metric': 'chebyshev', 'model__n_neighbors': 6, 'model__weights': 'uniform', 'pca__n_components': 48}",0.674375,0.6525,0.668125,0.688125,0.670625,0.67075,0.0114455231422596,284
0.03537302017211914,0.028644749324103647,0.0909836769104004,0.02261266211146985,chebyshev,6,uniform,36,"{'model__metric': 'chebyshev', 'model__n_neighbors': 6, 'model__weights': 'uniform', 'pca__n_components': 36}",0.671875,0.65375,0.668125,0.6875,0.6725,0.67075,0.01077758089739992,284
0.018700790405273438,0.004224955405940418,0.14726715087890624,0.03225768250917703,chebyshev,3,uniform,60,"{'model__metric': 'chebyshev', 'model__n_neighbors': 3, 'model__weights': 'uniform', 'pca__n_components': 60}",0.6625,0.6675,0.671875,0.68,0.67125,0.670625,0.005755432216610693,287
0.028388786315917968,0.01992810634538539,0.08473997116088867,0.008440269107360879,chebyshev,5,uniform,40,"{'model__metric': 'chebyshev', 'model__n_neighbors': 5, 'model__weights': 'uniform', 'pca__n_components': 40}",0.666875,0.654375,0.674375,0.693125,0.664375,0.670625,0.012942179105544764,287
0.02667412757873535,0.016401448137464705,0.0951169490814209,0.007098633380471194,chebyshev,6,uniform,44,"{'model__metric': 'chebyshev', 'model__n_neighbors': 6, 'model__weights': 'uniform', 'pca__n_components': 44}",0.67375,0.653125,0.6675,0.686875,0.671875,0.670625,0.01087571836707812,287
0.018353605270385744,0.0042617911544123,0.12514138221740723,0.027568408011647175,chebyshev,5,distance,48,"{'model__metric': 'chebyshev', 'model__n_neighbors': 5, 'model__weights': 'distance', 'pca__n_components': 48}",0.66875,0.65625,0.671875,0.69125,0.665,0.670625,0.011565033506220387,287
0.02725048065185547,0.0187049288565398,0.13179945945739746,0.032867778130574336,chebyshev,5,uniform,52,"{'model__metric': 'chebyshev', 'model__n_neighbors': 5, 'model__weights': 'uniform', 'pca__n_components': 52}",0.66875,0.654375,0.670625,0.694375,0.664375,0.6705000000000001,0.013195643220396621,291
0.019904518127441408,0.001633391918964585,0.15557804107666015,0.02957155308386621,chebyshev,5,distance,56,"{'model__metric': 'chebyshev', 'model__n_neighbors': 5, 'model__weights': 'distance', 'pca__n_components': 56}",0.668125,0.65375,0.67,0.695625,0.665,0.6705,0.01376930463022734,292
0.02232351303100586,0.001967264720651086,0.12348351478576661,0.03121738770556827,chebyshev,5,distance,36,"{'model__metric': 'chebyshev', 'model__n_neighbors': 5, 'model__weights': 'distance', 'pca__n_components': 36}",0.6675,0.6575,0.67375,0.69,0.66375,0.6704999999999999,0.011084899638697673,293
0.018996620178222658,0.0036441324946503554,0.12406439781188965,0.029389186417823152,chebyshev,5,distance,44,"{'model__metric': 'chebyshev', 'model__n_neighbors': 5, 'model__weights': 'distance', 'pca__n_components': 44}",0.67,0.655,0.671875,0.69125,0.66375,0.670375,0.011986972094736861,294
0.018791580200195314,0.0007953788678247077,0.16925458908081054,0.050401654350239106,chebyshev,6,uniform,56,"{'model__metric': 'chebyshev', 'model__n_neighbors': 6, 'model__weights': 'uniform', 'pca__n_components': 56}",0.6725,0.65,0.666875,0.689375,0.673125,0.6703749999999999,0.012652815892124546,295
0.022799587249755858,0.006336196097224997,0.10665683746337891,0.01987465256299251,chebyshev,5,uniform,48,"{'model__metric': 'chebyshev', 'model__n_neighbors': 5, 'model__weights': 'uniform', 'pca__n_components': 48}",0.668125,0.655,0.671875,0.69125,0.665,0.67025,0.011901943118667643,296
0.018806600570678712,0.0006331128688463549,0.14114584922790527,0.03584786734508917,chebyshev,5,uniform,56,"{'model__metric': 'chebyshev', 'model__n_neighbors': 5, 'model__weights': 'uniform', 'pca__n_components': 56}",0.668125,0.6525,0.67,0.695625,0.665,0.67025,0.014079018076556359,296
0.03029608726501465,0.020708142805710227,0.09954075813293457,0.015105177858972344,chebyshev,5,uniform,44,"{'model__metric': 'chebyshev', 'model__n_neighbors': 5, 'model__weights': 'uniform', 'pca__n_components': 44}",0.67,0.65375,0.671875,0.69125,0.66375,0.670125,0.012313610356024752,298
0.022594738006591796,0.00669065993712088,0.10332603454589843,0.029237127516580436,chebyshev,5,uniform,36,"{'model__metric': 'chebyshev', 'model__n_neighbors': 5, 'model__weights': 'uniform', 'pca__n_components': 36}",0.6675,0.65625,0.67375,0.689375,0.66375,0.670125,0.011169153951844328,298
0.01675443649291992,0.0016789101386311073,0.13165178298950195,0.026445724534095286,chebyshev,3,distance,44,"{'model__metric': 'chebyshev', 'model__n_neighbors': 3, 'model__weights': 'distance', 'pca__n_components': 44}",0.6625,0.668125,0.673125,0.679375,0.6675,0.670125,0.0057200305943237665,298
0.033193349838256836,0.019611884457247562,0.09401321411132812,0.0030365007456817725,chebyshev,3,uniform,44,"{'model__metric': 'chebyshev', 'model__n_neighbors': 3, 'model__weights': 'uniform', 'pca__n_components': 44}",0.6625,0.668125,0.673125,0.67875,0.6675,0.67,0.0055198505414549,301
0.01740241050720215,0.003824231565146486,0.09825873374938965,0.023913763035645963,chebyshev,1,uniform,44,"{'model__metric': 'chebyshev', 'model__n_neighbors': 1, 'model__weights': 'uniform', 'pca__n_components': 44}",0.65625,0.66,0.663125,0.67625,0.6675,0.664625,0.006887488656977957,302
0.020968103408813478,0.008371482940407756,0.14221034049987794,0.054879961999306226,chebyshev,2,distance,44,"{'model__metric': 'chebyshev', 'model__n_neighbors': 2, 'model__weights': 'distance', 'pca__n_components': 44}",0.65625,0.66,0.663125,0.67625,0.6675,0.664625,0.006887488656977957,302
0.04056286811828613,0.02817355313678678,0.11189060211181641,0.009255258804132459,chebyshev,1,distance,44,"{'model__metric': 'chebyshev', 'model__n_neighbors': 1, 'model__weights': 'distance', 'pca__n_components': 44}",0.65625,0.66,0.663125,0.67625,0.6675,0.664625,0.006887488656977957,302
0.015203142166137695,0.0024630920068200793,0.1382962703704834,0.024786448337693553,chebyshev,1,distance,48,"{'model__metric': 'chebyshev', 'model__n_neighbors': 1, 'model__weights': 'distance', 'pca__n_components': 48}",0.65625,0.66,0.665,0.673125,0.666875,0.66425,0.005801400692936135,305
0.020966243743896485,0.004514915648127942,0.1243208408355713,0.020161727905300145,chebyshev,2,distance,48,"{'model__metric': 'chebyshev', 'model__n_neighbors': 2, 'model__weights': 'distance', 'pca__n_components': 48}",0.65625,0.66,0.665,0.673125,0.666875,0.66425,0.005801400692936135,305
0.017515850067138673,0.001192101768460631,0.09425153732299804,0.022624705766058413,chebyshev,4,uniform,40,"{'model__metric': 'chebyshev', 'model__n_neighbors': 4, 'model__weights': 'uniform', 'pca__n_components': 40}",0.658125,0.663125,0.66875,0.67875,0.6525,0.66425,0.009026004099267846,305
0.018531131744384765,0.0013545373199883477,0.13483176231384278,0.03318174153560204,chebyshev,1,uniform,48,"{'model__metric': 'chebyshev', 'model__n_neighbors': 1, 'model__weights': 'uniform', 'pca__n_components': 48}",0.65625,0.66,0.665,0.673125,0.666875,0.66425,0.005801400692936135,305
0.022838735580444337,0.012561377452003069,0.09754753112792969,0.025099341800921923,chebyshev,1,uniform,40,"{'model__metric': 'chebyshev', 'model__n_neighbors': 1, 'model__weights': 'uniform', 'pca__n_components': 40}",0.65375,0.66,0.663125,0.675625,0.668125,0.6641250000000001,0.0074014356715437195,309
0.02090597152709961,0.0012679204854284473,0.1686333656311035,0.06543913644827261,chebyshev,1,uniform,52,"{'model__metric': 'chebyshev', 'model__n_neighbors': 1, 'model__weights': 'uniform', 'pca__n_components': 52}",0.655625,0.66,0.66375,0.674375,0.666875,0.6641250000000001,0.006356591067545535,309
0.02930278778076172,0.023977803913371887,0.1301420211791992,0.01963572104220896,chebyshev,2,distance,52,"{'model__metric': 'chebyshev', 'model__n_neighbors': 2, 'model__weights': 'distance', 'pca__n_components': 52}",0.655625,0.66,0.66375,0.674375,0.666875,0.6641250000000001,0.006356591067545535,309
0.01798539161682129,0.0022294165901440635,0.1191129207611084,0.023460678382955024,chebyshev,2,distance,40,"{'model__metric': 'chebyshev', 'model__n_neighbors': 2, 'model__weights': 'distance', 'pca__n_components': 40}",0.65375,0.66,0.663125,0.675625,0.668125,0.6641250000000001,0.0074014356715437195,309
0.017446470260620118,0.0025704708609657527,0.10423531532287597,0.017861770303195367,chebyshev,1,distance,40,"{'model__metric': 'chebyshev', 'model__n_neighbors': 1, 'model__weights': 'distance', 'pca__n_components': 40}",0.65375,0.66,0.663125,0.675625,0.668125,0.6641250000000001,0.0074014356715437195,309
0.021844148635864258,0.004473794084723278,0.1366124153137207,0.03050209678453142,chebyshev,1,distance,52,"{'model__metric': 'chebyshev', 'model__n_neighbors': 1, 'model__weights': 'distance', 'pca__n_components': 52}",0.655625,0.66,0.66375,0.674375,0.666875,0.6641250000000001,0.006356591067545535,309
0.018956804275512697,0.0014181359837032563,0.15881714820861817,0.02263260239044222,chebyshev,1,distance,56,"{'model__metric': 'chebyshev', 'model__n_neighbors': 1, 'model__weights': 'distance', 'pca__n_components': 56}",0.654375,0.65875,0.663125,0.673125,0.665625,0.663,0.006354132513569407,315
0.017815637588500976,0.003104424866178401,0.13847713470458983,0.028635477877732247,chebyshev,1,uniform,56,"{'model__metric': 'chebyshev', 'model__n_neighbors': 1, 'model__weights': 'uniform', 'pca__n_components': 56}",0.654375,0.65875,0.663125,0.673125,0.665625,0.663,0.006354132513569407,315
0.01740274429321289,0.00484373024628871,0.15210437774658203,0.02472194566155806,chebyshev,2,distance,56,"{'model__metric': 'chebyshev', 'model__n_neighbors': 2, 'model__weights': 'distance', 'pca__n_components': 56}",0.654375,0.65875,0.663125,0.673125,0.665625,0.663,0.006354132513569407,315
0.029682397842407227,0.020081109705881058,0.09797444343566894,0.028393516250598147,chebyshev,4,uniform,44,"{'model__metric': 'chebyshev', 'model__n_neighbors': 4, 'model__weights': 'uniform', 'pca__n_components': 44}",0.66,0.66125,0.664375,0.675,0.653125,0.6627500000000002,0.007143616031114801,318
0.020575952529907227,0.006036313287615727,0.1529022216796875,0.026813390152283206,chebyshev,1,uniform,60,"{'model__metric': 'chebyshev', 'model__n_neighbors': 1, 'model__weights': 'uniform', 'pca__n_components': 60}",0.653125,0.66,0.6625,0.6725,0.665,0.662625,0.006329494450586091,319
0.017880010604858398,0.0033014097441240713,0.17398381233215332,0.028536957735563882,chebyshev,2,distance,60,"{'model__metric': 'chebyshev', 'model__n_neighbors': 2, 'model__weights': 'distance', 'pca__n_components': 60}",0.653125,0.66,0.6625,0.6725,0.665,0.662625,0.006329494450586091,319
0.01955385208129883,0.00510979725379952,0.16146621704101563,0.027341961336327332,chebyshev,1,distance,60,"{'model__metric': 'chebyshev', 'model__n_neighbors': 1, 'model__weights': 'distance', 'pca__n_components': 60}",0.653125,0.66,0.6625,0.6725,0.665,0.662625,0.006329494450586091,319
0.017218828201293945,0.0024248864621949193,0.14973230361938478,0.028028391850319988,chebyshev,4,uniform,60,"{'model__metric': 'chebyshev', 'model__n_neighbors': 4, 'model__weights': 'uniform', 'pca__n_components': 60}",0.659375,0.65875,0.66125,0.678125,0.653125,0.662125,0.00844652295326308,322
0.01635885238647461,0.0033094921044022102,0.09020657539367676,0.021912757823316614,chebyshev,4,uniform,36,"{'model__metric': 'chebyshev', 'model__n_neighbors': 4, 'model__weights': 'uniform', 'pca__n_components': 36}",0.6575,0.661875,0.664375,0.675625,0.650625,0.6620000000000001,0.008257572282456885,323
0.021561431884765624,0.0022820889689426894,0.1510591983795166,0.05340857645080669,chebyshev,4,uniform,52,"{'model__metric': 'chebyshev', 'model__n_neighbors': 4, 'model__weights': 'uniform', 'pca__n_components': 52}",0.659375,0.659375,0.66125,0.67625,0.65375,0.662,0.007556040629853695,324
0.019181585311889647,0.001919220305337934,0.11933717727661133,0.023364682491247867,chebyshev,4,uniform,48,"{'model__metric': 'chebyshev', 'model__n_neighbors': 4, 'model__weights': 'uniform', 'pca__n_components': 48}",0.65875,0.66,0.6625,0.67375,0.65375,0.6617500000000001,0.006642665127793187,325
0.032364416122436526,0.01691592225546095,0.1367544174194336,0.026405184332847987,chebyshev,4,uniform,56,"{'model__metric': 'chebyshev', 'model__n_neighbors': 4, 'model__weights': 'uniform', 'pca__n_components': 56}",0.658125,0.658125,0.66125,0.6775,0.653125,0.6616250000000001,0.008353517223301823,326
0.019034290313720705,0.0031217080962959607,0.09460015296936035,0.01890979416331512,chebyshev,2,distance,36,"{'model__metric': 'chebyshev', 'model__n_neighbors': 2, 'model__weights': 'distance', 'pca__n_components': 36}",0.646875,0.661875,0.66,0.67,0.664375,0.660625,0.007654655446197454,327
0.03161921501159668,0.02360330313566198,0.08121867179870605,0.00826952061683521,chebyshev,1,uniform,36,"{'model__metric': 'chebyshev', 'model__n_neighbors': 1, 'model__weights': 'uniform', 'pca__n_components': 36}",0.646875,0.661875,0.66,0.67,0.664375,0.660625,0.007654655446197454,327
0.01690816879272461,0.0022506102002038107,0.09555912017822266,0.023835893747120043,chebyshev,1,distance,36,"{'model__metric': 'chebyshev', 'model__n_neighbors': 1, 'model__weights': 'distance', 'pca__n_components': 36}",0.646875,0.661875,0.66,0.67,0.664375,0.660625,0.007654655446197454,327
0.021529102325439455,0.0083608000670724,0.09391851425170898,0.021121147718494257,chebyshev,2,uniform,40,"{'model__metric': 'chebyshev', 'model__n_neighbors': 2, 'model__weights': 'uniform', 'pca__n_components': 40}",0.63125,0.645625,0.636875,0.659375,0.635,0.641625,0.010051430246487336,330
0.01941676139831543,0.001428480290965139,0.09537701606750489,0.025453428082514846,chebyshev,2,uniform,44,"{'model__metric': 'chebyshev', 'model__n_neighbors': 2, 'model__weights': 'uniform', 'pca__n_components': 44}",0.63375,0.645625,0.635,0.660625,0.6325,0.6415,0.010640429972515218,331
0.02992401123046875,0.01674776423875013,0.14979801177978516,0.02784504602426203,chebyshev,2,uniform,60,"{'model__metric': 'chebyshev', 'model__n_neighbors': 2, 'model__weights': 'uniform', 'pca__n_components': 60}",0.63375,0.648125,0.631875,0.66125,0.6325,0.6415,0.01155557224891957,331
0.020818424224853516,0.0038731248781328806,0.12252020835876465,0.028305879965856175,chebyshev,2,uniform,48,"{'model__metric': 'chebyshev', 'model__n_neighbors': 2, 'model__weights': 'uniform', 'pca__n_components': 48}",0.634375,0.64625,0.63375,0.660625,0.631875,0.641375,0.010878591361017294,333
0.029172182083129883,0.020214174692987315,0.13122920989990233,0.031999411956425916,chebyshev,2,uniform,52,"{'model__metric': 'chebyshev', 'model__n_neighbors': 2, 'model__weights': 'uniform', 'pca__n_components': 52}",0.631875,0.646875,0.633125,0.66125,0.631875,0.641,0.011602801385872297,334
0.03387517929077148,0.023333084626594572,0.12939414978027344,0.023698198428971497,chebyshev,2,uniform,56,"{'model__metric': 'chebyshev', 'model__n_neighbors': 2, 'model__weights': 'uniform', 'pca__n_components': 56}",0.631875,0.646875,0.631875,0.660625,0.6325,0.6407499999999999,0.011472793905583787,335
0.026948261260986327,0.020430223971900863,0.08868799209594727,0.02483919037641746,chebyshev,2,uniform,36,"{'model__metric': 'chebyshev', 'model__n_neighbors': 2, 'model__weights': 'uniform', 'pca__n_components': 36}",0.629375,0.641875,0.634375,0.659375,0.633125,0.6396250000000001,0.010677078252031316,336
