n_estimators,cv_mean_accuracy,cv_std_accuracy,total_fit_seconds,completed_folds,candidate_id,source,signature,criterion,max_depth,min_samples_leaf,min_samples_split,max_features,max_samples,params_json,stage
960,0.738875,0.010704847033003338,1275.508,5,stage1_088,stage3_finalists_from_stage2,"{""criterion"": ""log_loss"", ""max_depth"": 40, ""max_features"": 0.35, ""max_samples"": null, ""min_samples_leaf"": 1, ""min_samples_split"": 2}",log_loss,40,1,2,0.35,,"{""criterion"": ""log_loss"", ""max_depth"": 40, ""max_features"": 0.35, ""max_samples"": null, ""min_samples_leaf"": 1, ""min_samples_split"": 2}",stage3_tree_growth
1216,0.7382500000000001,0.010227108584541353,1274.764,5,stage1_088,stage3_finalists_from_stage2,"{""criterion"": ""log_loss"", ""max_depth"": 40, ""max_features"": 0.35, ""max_samples"": null, ""min_samples_leaf"": 1, ""min_samples_split"": 2}",log_loss,40,1,2,0.35,,"{""criterion"": ""log_loss"", ""max_depth"": 40, ""max_features"": 0.35, ""max_samples"": null, ""min_samples_leaf"": 1, ""min_samples_split"": 2}",stage3_tree_growth
960,0.7368750000000001,0.010774680969754973,2285.453,5,stage1_013,stage3_finalists_from_stage2,"{""criterion"": ""log_loss"", ""max_depth"": 40, ""max_features"": 0.7, ""max_samples"": 0.9, ""min_samples_leaf"": 2, ""min_samples_split"": 4}",log_loss,40,2,4,0.7,0.9,"{""criterion"": ""log_loss"", ""max_depth"": 40, ""max_features"": 0.7, ""max_samples"": 0.9, ""min_samples_leaf"": 2, ""min_samples_split"": 4}",stage3_tree_growth
1216,0.736,0.009342443470527389,2272.07,5,stage1_013,stage3_finalists_from_stage2,"{""criterion"": ""log_loss"", ""max_depth"": 40, ""max_features"": 0.7, ""max_samples"": 0.9, ""min_samples_leaf"": 2, ""min_samples_split"": 4}",log_loss,40,2,4,0.7,0.9,"{""criterion"": ""log_loss"", ""max_depth"": 40, ""max_features"": 0.7, ""max_samples"": 0.9, ""min_samples_leaf"": 2, ""min_samples_split"": 4}",stage3_tree_growth
1216,0.735875,0.011460530092452084,2430.802,5,stage1_022,stage3_finalists_from_stage2,"{""criterion"": ""entropy"", ""max_depth"": null, ""max_features"": 0.7, ""max_samples"": null, ""min_samples_leaf"": 3, ""min_samples_split"": 4}",entropy,,3,4,0.7,,"{""criterion"": ""entropy"", ""max_depth"": null, ""max_features"": 0.7, ""max_samples"": null, ""min_samples_leaf"": 3, ""min_samples_split"": 4}",stage3_tree_growth
704,0.735125,0.008104782538723682,2292.427,5,stage1_013,stage3_finalists_from_stage2,"{""criterion"": ""log_loss"", ""max_depth"": 40, ""max_features"": 0.7, ""max_samples"": 0.9, ""min_samples_leaf"": 2, ""min_samples_split"": 4}",log_loss,40,2,4,0.7,0.9,"{""criterion"": ""log_loss"", ""max_depth"": 40, ""max_features"": 0.7, ""max_samples"": 0.9, ""min_samples_leaf"": 2, ""min_samples_split"": 4}",stage3_tree_growth
448,0.735125,0.009661456929469778,4015.06,5,stage1_013,stage3_finalists_from_stage2,"{""criterion"": ""log_loss"", ""max_depth"": 40, ""max_features"": 0.7, ""max_samples"": 0.9, ""min_samples_leaf"": 2, ""min_samples_split"": 4}",log_loss,40,2,4,0.7,0.9,"{""criterion"": ""log_loss"", ""max_depth"": 40, ""max_features"": 0.7, ""max_samples"": 0.9, ""min_samples_leaf"": 2, ""min_samples_split"": 4}",stage3_tree_growth
704,0.73475,0.009258442093570587,1271.968,5,stage1_088,stage3_finalists_from_stage2,"{""criterion"": ""log_loss"", ""max_depth"": 40, ""max_features"": 0.35, ""max_samples"": null, ""min_samples_leaf"": 1, ""min_samples_split"": 2}",log_loss,40,1,2,0.35,,"{""criterion"": ""log_loss"", ""max_depth"": 40, ""max_features"": 0.35, ""max_samples"": null, ""min_samples_leaf"": 1, ""min_samples_split"": 2}",stage3_tree_growth
448,0.734375,0.013675936896607852,4243.0779999999995,5,stage1_022,stage3_finalists_from_stage2,"{""criterion"": ""entropy"", ""max_depth"": null, ""max_features"": 0.7, ""max_samples"": null, ""min_samples_leaf"": 3, ""min_samples_split"": 4}",entropy,,3,4,0.7,,"{""criterion"": ""entropy"", ""max_depth"": null, ""max_features"": 0.7, ""max_samples"": null, ""min_samples_leaf"": 3, ""min_samples_split"": 4}",stage3_tree_growth
704,0.7342500000000001,0.009273618495495696,2425.584,5,stage1_022,stage3_finalists_from_stage2,"{""criterion"": ""entropy"", ""max_depth"": null, ""max_features"": 0.7, ""max_samples"": null, ""min_samples_leaf"": 3, ""min_samples_split"": 4}",entropy,,3,4,0.7,,"{""criterion"": ""entropy"", ""max_depth"": null, ""max_features"": 0.7, ""max_samples"": null, ""min_samples_leaf"": 3, ""min_samples_split"": 4}",stage3_tree_growth
1216,0.7341249999999999,0.010335013304297177,644.196,5,stage1_041,stage3_finalists_from_stage2,"{""criterion"": ""gini"", ""max_depth"": 32, ""max_features"": 0.25, ""max_samples"": 0.9, ""min_samples_leaf"": 3, ""min_samples_split"": 2}",gini,32,3,2,0.25,0.9,"{""criterion"": ""gini"", ""max_depth"": 32, ""max_features"": 0.25, ""max_samples"": 0.9, ""min_samples_leaf"": 3, ""min_samples_split"": 2}",stage3_tree_growth
1216,0.734,0.0086295277970466,834.932,5,stage1_049,stage3_finalists_from_stage2,"{""criterion"": ""entropy"", ""max_depth"": 40, ""max_features"": 0.25, ""max_samples"": 0.9, ""min_samples_leaf"": 2, ""min_samples_split"": 10}",entropy,40,2,10,0.25,0.9,"{""criterion"": ""entropy"", ""max_depth"": 40, ""max_features"": 0.25, ""max_samples"": 0.9, ""min_samples_leaf"": 2, ""min_samples_split"": 10}",stage3_tree_growth
960,0.733375,0.006921434099953543,835.0889999999999,5,stage1_049,stage3_finalists_from_stage2,"{""criterion"": ""entropy"", ""max_depth"": 40, ""max_features"": 0.25, ""max_samples"": 0.9, ""min_samples_leaf"": 2, ""min_samples_split"": 10}",entropy,40,2,10,0.25,0.9,"{""criterion"": ""entropy"", ""max_depth"": 40, ""max_features"": 0.25, ""max_samples"": 0.9, ""min_samples_leaf"": 2, ""min_samples_split"": 10}",stage3_tree_growth
960,0.73325,0.01186117616427646,2429.631,5,stage1_022,stage3_finalists_from_stage2,"{""criterion"": ""entropy"", ""max_depth"": null, ""max_features"": 0.7, ""max_samples"": null, ""min_samples_leaf"": 3, ""min_samples_split"": 4}",entropy,,3,4,0.7,,"{""criterion"": ""entropy"", ""max_depth"": null, ""max_features"": 0.7, ""max_samples"": null, ""min_samples_leaf"": 3, ""min_samples_split"": 4}",stage3_tree_growth
448,0.733125,0.010767427733679023,2229.949,5,stage1_088,stage3_finalists_from_stage2,"{""criterion"": ""log_loss"", ""max_depth"": 40, ""max_features"": 0.35, ""max_samples"": null, ""min_samples_leaf"": 1, ""min_samples_split"": 2}",log_loss,40,1,2,0.35,,"{""criterion"": ""log_loss"", ""max_depth"": 40, ""max_features"": 0.35, ""max_samples"": null, ""min_samples_leaf"": 1, ""min_samples_split"": 2}",stage3_tree_growth
704,0.732625,0.010806537373275499,647.922,5,stage1_041,stage3_finalists_from_stage2,"{""criterion"": ""gini"", ""max_depth"": 32, ""max_features"": 0.25, ""max_samples"": 0.9, ""min_samples_leaf"": 3, ""min_samples_split"": 2}",gini,32,3,2,0.25,0.9,"{""criterion"": ""gini"", ""max_depth"": 32, ""max_features"": 0.25, ""max_samples"": 0.9, ""min_samples_leaf"": 3, ""min_samples_split"": 2}",stage3_tree_growth
704,0.732625,0.006930458137814555,840.269,5,stage1_049,stage3_finalists_from_stage2,"{""criterion"": ""entropy"", ""max_depth"": 40, ""max_features"": 0.25, ""max_samples"": 0.9, ""min_samples_leaf"": 2, ""min_samples_split"": 10}",entropy,40,2,10,0.25,0.9,"{""criterion"": ""entropy"", ""max_depth"": 40, ""max_features"": 0.25, ""max_samples"": 0.9, ""min_samples_leaf"": 2, ""min_samples_split"": 10}",stage3_tree_growth
960,0.732375,0.010158124826954995,646.233,5,stage1_041,stage3_finalists_from_stage2,"{""criterion"": ""gini"", ""max_depth"": 32, ""max_features"": 0.25, ""max_samples"": 0.9, ""min_samples_leaf"": 3, ""min_samples_split"": 2}",gini,32,3,2,0.25,0.9,"{""criterion"": ""gini"", ""max_depth"": 32, ""max_features"": 0.25, ""max_samples"": 0.9, ""min_samples_leaf"": 3, ""min_samples_split"": 2}",stage3_tree_growth
448,0.729875,0.007325042661991803,1124.75,5,stage1_041,stage3_finalists_from_stage2,"{""criterion"": ""gini"", ""max_depth"": 32, ""max_features"": 0.25, ""max_samples"": 0.9, ""min_samples_leaf"": 3, ""min_samples_split"": 2}",gini,32,3,2,0.25,0.9,"{""criterion"": ""gini"", ""max_depth"": 32, ""max_features"": 0.25, ""max_samples"": 0.9, ""min_samples_leaf"": 3, ""min_samples_split"": 2}",stage3_tree_growth
448,0.728875,0.009956153875869922,1462.386,5,stage1_049,stage3_finalists_from_stage2,"{""criterion"": ""entropy"", ""max_depth"": 40, ""max_features"": 0.25, ""max_samples"": 0.9, ""min_samples_leaf"": 2, ""min_samples_split"": 10}",entropy,40,2,10,0.25,0.9,"{""criterion"": ""entropy"", ""max_depth"": 40, ""max_features"": 0.25, ""max_samples"": 0.9, ""min_samples_leaf"": 2, ""min_samples_split"": 10}",stage3_tree_growth
