candidate_id,source,signature,criterion,max_depth,min_samples_leaf,min_samples_split,max_features,max_samples,params_json,stage,n_estimators,oob_accuracy,fit_seconds
stage1_086,stage1_random_oob,"{""criterion"": ""log_loss"", ""max_depth"": 32, ""max_features"": ""sqrt"", ""max_samples"": 0.9, ""min_samples_leaf"": 1, ""min_samples_split"": 14}",log_loss,32.0,1,14,sqrt,0.9,"{""criterion"": ""log_loss"", ""max_depth"": 32, ""max_features"": ""sqrt"", ""max_samples"": 0.9, ""min_samples_leaf"": 1, ""min_samples_split"": 14}",stage1_oob,224,0.70328125,44.413
stage1_091,stage1_random_oob,"{""criterion"": ""entropy"", ""max_depth"": 16, ""max_features"": ""sqrt"", ""max_samples"": 0.65, ""min_samples_leaf"": 6, ""min_samples_split"": 4}",entropy,16.0,6,4,sqrt,0.65,"{""criterion"": ""entropy"", ""max_depth"": 16, ""max_features"": ""sqrt"", ""max_samples"": 0.65, ""min_samples_leaf"": 6, ""min_samples_split"": 4}",stage1_oob,224,0.704375,29.308
stage1_038,stage1_random_oob,"{""criterion"": ""log_loss"", ""max_depth"": 16, ""max_features"": ""sqrt"", ""max_samples"": null, ""min_samples_leaf"": 6, ""min_samples_split"": 10}",log_loss,16.0,6,10,sqrt,,"{""criterion"": ""log_loss"", ""max_depth"": 16, ""max_features"": ""sqrt"", ""max_samples"": null, ""min_samples_leaf"": 6, ""min_samples_split"": 10}",stage1_oob,224,0.705625,40.938
stage1_055,stage1_random_oob,"{""criterion"": ""gini"", ""max_depth"": 40, ""max_features"": ""sqrt"", ""max_samples"": 0.8, ""min_samples_leaf"": 3, ""min_samples_split"": 10}",gini,40.0,3,10,sqrt,0.8,"{""criterion"": ""gini"", ""max_depth"": 40, ""max_features"": ""sqrt"", ""max_samples"": 0.8, ""min_samples_leaf"": 3, ""min_samples_split"": 10}",stage1_oob,224,0.7071875,30.499
stage1_069,stage1_random_oob,"{""criterion"": ""entropy"", ""max_depth"": 16, ""max_features"": 0.25, ""max_samples"": 0.65, ""min_samples_leaf"": 6, ""min_samples_split"": 6}",entropy,16.0,6,6,0.25,0.65,"{""criterion"": ""entropy"", ""max_depth"": 16, ""max_features"": 0.25, ""max_samples"": 0.65, ""min_samples_leaf"": 6, ""min_samples_split"": 6}",stage1_oob,224,0.7075,103.19
stage1_082,stage1_random_oob,"{""criterion"": ""entropy"", ""max_depth"": 16, ""max_features"": 0.35, ""max_samples"": 0.8, ""min_samples_leaf"": 3, ""min_samples_split"": 4}",entropy,16.0,3,4,0.35,0.8,"{""criterion"": ""entropy"", ""max_depth"": 16, ""max_features"": 0.35, ""max_samples"": 0.8, ""min_samples_leaf"": 3, ""min_samples_split"": 4}",stage1_oob,224,0.70765625,175.612
stage1_076,stage1_random_oob,"{""criterion"": ""gini"", ""max_depth"": null, ""max_features"": ""sqrt"", ""max_samples"": 0.8, ""min_samples_leaf"": 6, ""min_samples_split"": 10}",gini,,6,10,sqrt,0.8,"{""criterion"": ""gini"", ""max_depth"": null, ""max_features"": ""sqrt"", ""max_samples"": 0.8, ""min_samples_leaf"": 6, ""min_samples_split"": 10}",stage1_oob,224,0.7084375,28.503
stage1_064,stage1_random_oob,"{""criterion"": ""log_loss"", ""max_depth"": 24, ""max_features"": ""sqrt"", ""max_samples"": null, ""min_samples_leaf"": 6, ""min_samples_split"": 4}",log_loss,24.0,6,4,sqrt,,"{""criterion"": ""log_loss"", ""max_depth"": 24, ""max_features"": ""sqrt"", ""max_samples"": null, ""min_samples_leaf"": 6, ""min_samples_split"": 4}",stage1_oob,224,0.7090625,44.009
stage1_060,stage1_random_oob,"{""criterion"": ""gini"", ""max_depth"": 24, ""max_features"": 0.12, ""max_samples"": null, ""min_samples_leaf"": 6, ""min_samples_split"": 2}",gini,24.0,6,2,0.12,,"{""criterion"": ""gini"", ""max_depth"": 24, ""max_features"": 0.12, ""max_samples"": null, ""min_samples_leaf"": 6, ""min_samples_split"": 2}",stage1_oob,224,0.70984375,58.066
stage1_080,stage1_random_oob,"{""criterion"": ""gini"", ""max_depth"": 16, ""max_features"": 0.18, ""max_samples"": null, ""min_samples_leaf"": 2, ""min_samples_split"": 2}",gini,16.0,2,2,0.18,,"{""criterion"": ""gini"", ""max_depth"": 16, ""max_features"": 0.18, ""max_samples"": null, ""min_samples_leaf"": 2, ""min_samples_split"": 2}",stage1_oob,224,0.70984375,83.647
stage1_092,stage1_random_oob,"{""criterion"": ""entropy"", ""max_depth"": 56, ""max_features"": 0.12, ""max_samples"": null, ""min_samples_leaf"": 2, ""min_samples_split"": 14}",entropy,56.0,2,14,0.12,,"{""criterion"": ""entropy"", ""max_depth"": 56, ""max_features"": 0.12, ""max_samples"": null, ""min_samples_leaf"": 2, ""min_samples_split"": 14}",stage1_oob,224,0.70984375,79.67
stage1_012,stage1_random_oob,"{""criterion"": ""log_loss"", ""max_depth"": 16, ""max_features"": 0.25, ""max_samples"": null, ""min_samples_leaf"": 6, ""min_samples_split"": 14}",log_loss,16.0,6,14,0.25,,"{""criterion"": ""log_loss"", ""max_depth"": 16, ""max_features"": 0.25, ""max_samples"": null, ""min_samples_leaf"": 6, ""min_samples_split"": 14}",stage1_oob,224,0.7103125,141.361
stage1_021,stage1_random_oob,"{""criterion"": ""gini"", ""max_depth"": 16, ""max_features"": 0.35, ""max_samples"": 0.65, ""min_samples_leaf"": 2, ""min_samples_split"": 10}",gini,16.0,2,10,0.35,0.65,"{""criterion"": ""gini"", ""max_depth"": 16, ""max_features"": 0.35, ""max_samples"": 0.65, ""min_samples_leaf"": 2, ""min_samples_split"": 10}",stage1_oob,224,0.71125,116.638
stage1_023,stage1_random_oob,"{""criterion"": ""gini"", ""max_depth"": 24, ""max_features"": 0.5, ""max_samples"": 0.65, ""min_samples_leaf"": 6, ""min_samples_split"": 10}",gini,24.0,6,10,0.5,0.65,"{""criterion"": ""gini"", ""max_depth"": 24, ""max_features"": 0.5, ""max_samples"": 0.65, ""min_samples_leaf"": 6, ""min_samples_split"": 10}",stage1_oob,224,0.71140625,166.556
stage1_056,stage1_random_oob,"{""criterion"": ""log_loss"", ""max_depth"": 16, ""max_features"": 0.25, ""max_samples"": 0.8, ""min_samples_leaf"": 2, ""min_samples_split"": 6}",log_loss,16.0,2,6,0.25,0.8,"{""criterion"": ""log_loss"", ""max_depth"": 16, ""max_features"": 0.25, ""max_samples"": 0.8, ""min_samples_leaf"": 2, ""min_samples_split"": 6}",stage1_oob,224,0.7115625,126.991
stage1_019,stage1_random_oob,"{""criterion"": ""gini"", ""max_depth"": 16, ""max_features"": 0.5, ""max_samples"": null, ""min_samples_leaf"": 2, ""min_samples_split"": 10}",gini,16.0,2,10,0.5,,"{""criterion"": ""gini"", ""max_depth"": 16, ""max_features"": 0.5, ""max_samples"": null, ""min_samples_leaf"": 2, ""min_samples_split"": 10}",stage1_oob,224,0.71171875,230.004
stage1_093,stage1_random_oob,"{""criterion"": ""entropy"", ""max_depth"": 16, ""max_features"": 0.35, ""max_samples"": 0.8, ""min_samples_leaf"": 6, ""min_samples_split"": 14}",entropy,16.0,6,14,0.35,0.8,"{""criterion"": ""entropy"", ""max_depth"": 16, ""max_features"": 0.35, ""max_samples"": 0.8, ""min_samples_leaf"": 6, ""min_samples_split"": 14}",stage1_oob,224,0.71203125,166.136
stage1_035,stage1_random_oob,"{""criterion"": ""log_loss"", ""max_depth"": 24, ""max_features"": 0.7, ""max_samples"": 0.9, ""min_samples_leaf"": 1, ""min_samples_split"": 6}",log_loss,24.0,1,6,0.7,0.9,"{""criterion"": ""log_loss"", ""max_depth"": 24, ""max_features"": 0.7, ""max_samples"": 0.9, ""min_samples_leaf"": 1, ""min_samples_split"": 6}",stage1_oob,224,0.7121875,419.716
stage1_050,stage1_random_oob,"{""criterion"": ""entropy"", ""max_depth"": null, ""max_features"": ""sqrt"", ""max_samples"": 0.8, ""min_samples_leaf"": 6, ""min_samples_split"": 10}",entropy,,6,10,sqrt,0.8,"{""criterion"": ""entropy"", ""max_depth"": null, ""max_features"": ""sqrt"", ""max_samples"": 0.8, ""min_samples_leaf"": 6, ""min_samples_split"": 10}",stage1_oob,224,0.71265625,37.843
stage1_085,stage1_random_oob,"{""criterion"": ""entropy"", ""max_depth"": null, ""max_features"": 0.35, ""max_samples"": null, ""min_samples_leaf"": 2, ""min_samples_split"": 4}",entropy,,2,4,0.35,,"{""criterion"": ""entropy"", ""max_depth"": null, ""max_features"": 0.35, ""max_samples"": null, ""min_samples_leaf"": 2, ""min_samples_split"": 4}",stage1_oob,224,0.71265625,228.588
stage1_032,stage1_random_oob,"{""criterion"": ""gini"", ""max_depth"": 24, ""max_features"": 0.25, ""max_samples"": 0.9, ""min_samples_leaf"": 6, ""min_samples_split"": 2}",gini,24.0,6,2,0.25,0.9,"{""criterion"": ""gini"", ""max_depth"": 24, ""max_features"": 0.25, ""max_samples"": 0.9, ""min_samples_leaf"": 6, ""min_samples_split"": 2}",stage1_oob,224,0.7128125,108.96
stage1_090,stage1_random_oob,"{""criterion"": ""log_loss"", ""max_depth"": 32, ""max_features"": 0.7, ""max_samples"": 0.65, ""min_samples_leaf"": 4, ""min_samples_split"": 14}",log_loss,32.0,4,14,0.7,0.65,"{""criterion"": ""log_loss"", ""max_depth"": 32, ""max_features"": 0.7, ""max_samples"": 0.65, ""min_samples_leaf"": 4, ""min_samples_split"": 14}",stage1_oob,224,0.71296875,306.615
stage1_005,stage1_random_oob,"{""criterion"": ""gini"", ""max_depth"": 40, ""max_features"": 0.35, ""max_samples"": 0.8, ""min_samples_leaf"": 4, ""min_samples_split"": 6}",gini,40.0,4,6,0.35,0.8,"{""criterion"": ""gini"", ""max_depth"": 40, ""max_features"": 0.35, ""max_samples"": 0.8, ""min_samples_leaf"": 4, ""min_samples_split"": 6}",stage1_oob,224,0.71296875,147.414
stage1_007,stage1_random_oob,"{""criterion"": ""gini"", ""max_depth"": 32, ""max_features"": 0.7, ""max_samples"": null, ""min_samples_leaf"": 6, ""min_samples_split"": 10}",gini,32.0,6,10,0.7,,"{""criterion"": ""gini"", ""max_depth"": 32, ""max_features"": 0.7, ""max_samples"": null, ""min_samples_leaf"": 6, ""min_samples_split"": 10}",stage1_oob,224,0.71328125,333.552
stage1_004,stage1_random_oob,"{""criterion"": ""log_loss"", ""max_depth"": 32, ""max_features"": 0.12, ""max_samples"": 0.9, ""min_samples_leaf"": 6, ""min_samples_split"": 6}",log_loss,32.0,6,6,0.12,0.9,"{""criterion"": ""log_loss"", ""max_depth"": 32, ""max_features"": 0.12, ""max_samples"": 0.9, ""min_samples_leaf"": 6, ""min_samples_split"": 6}",stage1_oob,224,0.71328125,69.95
stage1_016,stage1_random_oob,"{""criterion"": ""entropy"", ""max_depth"": 16, ""max_features"": 0.18, ""max_samples"": 0.8, ""min_samples_leaf"": 4, ""min_samples_split"": 14}",entropy,16.0,4,14,0.18,0.8,"{""criterion"": ""entropy"", ""max_depth"": 16, ""max_features"": 0.18, ""max_samples"": 0.8, ""min_samples_leaf"": 4, ""min_samples_split"": 14}",stage1_oob,224,0.71328125,89.182
stage1_031,stage1_random_oob,"{""criterion"": ""log_loss"", ""max_depth"": 32, ""max_features"": 0.7, ""max_samples"": 0.8, ""min_samples_leaf"": 3, ""min_samples_split"": 4}",log_loss,32.0,3,4,0.7,0.8,"{""criterion"": ""log_loss"", ""max_depth"": 32, ""max_features"": 0.7, ""max_samples"": 0.8, ""min_samples_leaf"": 3, ""min_samples_split"": 4}",stage1_oob,224,0.7134375,379.198
stage1_000,stage1_random_oob,"{""criterion"": ""log_loss"", ""max_depth"": null, ""max_features"": 0.35, ""max_samples"": 0.65, ""min_samples_leaf"": 1, ""min_samples_split"": 2}",log_loss,,1,2,0.35,0.65,"{""criterion"": ""log_loss"", ""max_depth"": null, ""max_features"": 0.35, ""max_samples"": 0.65, ""min_samples_leaf"": 1, ""min_samples_split"": 2}",stage1_oob,224,0.7134375,171.112
stage1_087,stage1_random_oob,"{""criterion"": ""gini"", ""max_depth"": 40, ""max_features"": 0.12, ""max_samples"": 0.9, ""min_samples_leaf"": 4, ""min_samples_split"": 14}",gini,40.0,4,14,0.12,0.9,"{""criterion"": ""gini"", ""max_depth"": 40, ""max_features"": 0.12, ""max_samples"": 0.9, ""min_samples_leaf"": 4, ""min_samples_split"": 14}",stage1_oob,224,0.71359375,54.511
stage1_008,stage1_random_oob,"{""criterion"": ""log_loss"", ""max_depth"": null, ""max_features"": 0.12, ""max_samples"": 0.65, ""min_samples_leaf"": 3, ""min_samples_split"": 10}",log_loss,,3,10,0.12,0.65,"{""criterion"": ""log_loss"", ""max_depth"": null, ""max_features"": 0.12, ""max_samples"": 0.65, ""min_samples_leaf"": 3, ""min_samples_split"": 10}",stage1_oob,224,0.71359375,56.237
stage1_039,stage1_random_oob,"{""criterion"": ""log_loss"", ""max_depth"": 24, ""max_features"": 0.35, ""max_samples"": 0.65, ""min_samples_leaf"": 2, ""min_samples_split"": 6}",log_loss,24.0,2,6,0.35,0.65,"{""criterion"": ""log_loss"", ""max_depth"": 24, ""max_features"": 0.35, ""max_samples"": 0.65, ""min_samples_leaf"": 2, ""min_samples_split"": 6}",stage1_oob,224,0.71359375,162.749
stage1_014,stage1_random_oob,"{""criterion"": ""gini"", ""max_depth"": 40, ""max_features"": 0.12, ""max_samples"": null, ""min_samples_leaf"": 3, ""min_samples_split"": 14}",gini,40.0,3,14,0.12,,"{""criterion"": ""gini"", ""max_depth"": 40, ""max_features"": 0.12, ""max_samples"": null, ""min_samples_leaf"": 3, ""min_samples_split"": 14}",stage1_oob,224,0.71359375,61.3
stage1_066,stage1_random_oob,"{""criterion"": ""log_loss"", ""max_depth"": 56, ""max_features"": 0.7, ""max_samples"": 0.9, ""min_samples_leaf"": 6, ""min_samples_split"": 2}",log_loss,56.0,6,2,0.7,0.9,"{""criterion"": ""log_loss"", ""max_depth"": 56, ""max_features"": 0.7, ""max_samples"": 0.9, ""min_samples_leaf"": 6, ""min_samples_split"": 2}",stage1_oob,224,0.71390625,391.897
stage1_067,stage1_random_oob,"{""criterion"": ""log_loss"", ""max_depth"": 40, ""max_features"": 0.12, ""max_samples"": 0.65, ""min_samples_leaf"": 6, ""min_samples_split"": 14}",log_loss,40.0,6,14,0.12,0.65,"{""criterion"": ""log_loss"", ""max_depth"": 40, ""max_features"": 0.12, ""max_samples"": 0.65, ""min_samples_leaf"": 6, ""min_samples_split"": 14}",stage1_oob,224,0.71390625,53.944
stage1_075,stage1_random_oob,"{""criterion"": ""log_loss"", ""max_depth"": 40, ""max_features"": 0.25, ""max_samples"": null, ""min_samples_leaf"": 4, ""min_samples_split"": 10}",log_loss,40.0,4,10,0.25,,"{""criterion"": ""log_loss"", ""max_depth"": 40, ""max_features"": 0.25, ""max_samples"": null, ""min_samples_leaf"": 4, ""min_samples_split"": 10}",stage1_oob,224,0.7140625,158.948
stage1_062,stage1_random_oob,"{""criterion"": ""entropy"", ""max_depth"": null, ""max_features"": 0.25, ""max_samples"": 0.65, ""min_samples_leaf"": 1, ""min_samples_split"": 2}",entropy,,1,2,0.25,0.65,"{""criterion"": ""entropy"", ""max_depth"": null, ""max_features"": 0.25, ""max_samples"": 0.65, ""min_samples_leaf"": 1, ""min_samples_split"": 2}",stage1_oob,224,0.71421875,120.303
stage1_002,stage1_random_oob,"{""criterion"": ""log_loss"", ""max_depth"": 56, ""max_features"": 0.18, ""max_samples"": 0.9, ""min_samples_leaf"": 4, ""min_samples_split"": 14}",log_loss,56.0,4,14,0.18,0.9,"{""criterion"": ""log_loss"", ""max_depth"": 56, ""max_features"": 0.18, ""max_samples"": 0.9, ""min_samples_leaf"": 4, ""min_samples_split"": 14}",stage1_oob,224,0.71421875,105.644
stage1_011,stage1_random_oob,"{""criterion"": ""entropy"", ""max_depth"": 24, ""max_features"": ""sqrt"", ""max_samples"": 0.65, ""min_samples_leaf"": 3, ""min_samples_split"": 10}",entropy,24.0,3,10,sqrt,0.65,"{""criterion"": ""entropy"", ""max_depth"": 24, ""max_features"": ""sqrt"", ""max_samples"": 0.65, ""min_samples_leaf"": 3, ""min_samples_split"": 10}",stage1_oob,224,0.714375,34.145
stage1_009,stage1_random_oob,"{""criterion"": ""gini"", ""max_depth"": 24, ""max_features"": 0.25, ""max_samples"": 0.9, ""min_samples_leaf"": 4, ""min_samples_split"": 2}",gini,24.0,4,2,0.25,0.9,"{""criterion"": ""gini"", ""max_depth"": 24, ""max_features"": 0.25, ""max_samples"": 0.9, ""min_samples_leaf"": 4, ""min_samples_split"": 2}",stage1_oob,224,0.71453125,113.911
stage1_071,stage1_random_oob,"{""criterion"": ""gini"", ""max_depth"": 16, ""max_features"": 0.5, ""max_samples"": 0.9, ""min_samples_leaf"": 6, ""min_samples_split"": 2}",gini,16.0,6,2,0.5,0.9,"{""criterion"": ""gini"", ""max_depth"": 16, ""max_features"": 0.5, ""max_samples"": 0.9, ""min_samples_leaf"": 6, ""min_samples_split"": 2}",stage1_oob,224,0.71453125,198.75
stage1_046,stage1_random_oob,"{""criterion"": ""entropy"", ""max_depth"": 24, ""max_features"": ""sqrt"", ""max_samples"": null, ""min_samples_leaf"": 3, ""min_samples_split"": 6}",entropy,24.0,3,6,sqrt,,"{""criterion"": ""entropy"", ""max_depth"": 24, ""max_features"": ""sqrt"", ""max_samples"": null, ""min_samples_leaf"": 3, ""min_samples_split"": 6}",stage1_oob,224,0.71484375,46.819
stage1_051,stage1_random_oob,"{""criterion"": ""gini"", ""max_depth"": null, ""max_features"": 0.18, ""max_samples"": 0.8, ""min_samples_leaf"": 3, ""min_samples_split"": 10}",gini,,3,10,0.18,0.8,"{""criterion"": ""gini"", ""max_depth"": null, ""max_features"": 0.18, ""max_samples"": 0.8, ""min_samples_leaf"": 3, ""min_samples_split"": 10}",stage1_oob,224,0.71484375,77.076
stage1_047,stage1_random_oob,"{""criterion"": ""gini"", ""max_depth"": 40, ""max_features"": 0.35, ""max_samples"": null, ""min_samples_leaf"": 4, ""min_samples_split"": 2}",gini,40.0,4,2,0.35,,"{""criterion"": ""gini"", ""max_depth"": 40, ""max_features"": 0.35, ""max_samples"": null, ""min_samples_leaf"": 4, ""min_samples_split"": 2}",stage1_oob,224,0.715,178.26
stage1_072,stage1_random_oob,"{""criterion"": ""entropy"", ""max_depth"": 32, ""max_features"": 0.35, ""max_samples"": 0.9, ""min_samples_leaf"": 4, ""min_samples_split"": 6}",entropy,32.0,4,6,0.35,0.9,"{""criterion"": ""entropy"", ""max_depth"": 32, ""max_features"": 0.35, ""max_samples"": 0.9, ""min_samples_leaf"": 4, ""min_samples_split"": 6}",stage1_oob,224,0.71515625,206.013
stage1_054,stage1_random_oob,"{""criterion"": ""entropy"", ""max_depth"": 24, ""max_features"": ""sqrt"", ""max_samples"": 0.8, ""min_samples_leaf"": 1, ""min_samples_split"": 6}",entropy,24.0,1,6,sqrt,0.8,"{""criterion"": ""entropy"", ""max_depth"": 24, ""max_features"": ""sqrt"", ""max_samples"": 0.8, ""min_samples_leaf"": 1, ""min_samples_split"": 6}",stage1_oob,224,0.7153125,41.493
stage1_052,stage1_random_oob,"{""criterion"": ""log_loss"", ""max_depth"": 32, ""max_features"": 0.5, ""max_samples"": 0.9, ""min_samples_leaf"": 2, ""min_samples_split"": 6}",log_loss,32.0,2,6,0.5,0.9,"{""criterion"": ""log_loss"", ""max_depth"": 32, ""max_features"": 0.5, ""max_samples"": 0.9, ""min_samples_leaf"": 2, ""min_samples_split"": 6}",stage1_oob,224,0.71546875,309.36
stage1_089,stage1_random_oob,"{""criterion"": ""entropy"", ""max_depth"": null, ""max_features"": 0.5, ""max_samples"": null, ""min_samples_leaf"": 6, ""min_samples_split"": 14}",entropy,,6,14,0.5,,"{""criterion"": ""entropy"", ""max_depth"": null, ""max_features"": 0.5, ""max_samples"": null, ""min_samples_leaf"": 6, ""min_samples_split"": 14}",stage1_oob,224,0.71546875,304.918
stage1_077,stage1_random_oob,"{""criterion"": ""gini"", ""max_depth"": 32, ""max_features"": 0.35, ""max_samples"": null, ""min_samples_leaf"": 6, ""min_samples_split"": 4}",gini,32.0,6,4,0.35,,"{""criterion"": ""gini"", ""max_depth"": 32, ""max_features"": 0.35, ""max_samples"": null, ""min_samples_leaf"": 6, ""min_samples_split"": 4}",stage1_oob,224,0.715625,167.263
stage1_048,stage1_random_oob,"{""criterion"": ""log_loss"", ""max_depth"": 56, ""max_features"": 0.5, ""max_samples"": null, ""min_samples_leaf"": 1, ""min_samples_split"": 4}",log_loss,56.0,1,4,0.5,,"{""criterion"": ""log_loss"", ""max_depth"": 56, ""max_features"": 0.5, ""max_samples"": null, ""min_samples_leaf"": 1, ""min_samples_split"": 4}",stage1_oob,224,0.715625,328.417
stage1_065,stage1_random_oob,"{""criterion"": ""gini"", ""max_depth"": 56, ""max_features"": 0.18, ""max_samples"": 0.8, ""min_samples_leaf"": 1, ""min_samples_split"": 10}",gini,56.0,1,10,0.18,0.8,"{""criterion"": ""gini"", ""max_depth"": 56, ""max_features"": 0.18, ""max_samples"": 0.8, ""min_samples_leaf"": 1, ""min_samples_split"": 10}",stage1_oob,224,0.71578125,83.146
stage1_079,stage1_random_oob,"{""criterion"": ""entropy"", ""max_depth"": 40, ""max_features"": 0.18, ""max_samples"": 0.65, ""min_samples_leaf"": 1, ""min_samples_split"": 10}",entropy,40.0,1,10,0.18,0.65,"{""criterion"": ""entropy"", ""max_depth"": 40, ""max_features"": 0.18, ""max_samples"": 0.65, ""min_samples_leaf"": 1, ""min_samples_split"": 10}",stage1_oob,224,0.7159375,86.356
stage1_084,stage1_random_oob,"{""criterion"": ""log_loss"", ""max_depth"": 32, ""max_features"": 0.18, ""max_samples"": null, ""min_samples_leaf"": 2, ""min_samples_split"": 4}",log_loss,32.0,2,4,0.18,,"{""criterion"": ""log_loss"", ""max_depth"": 32, ""max_features"": 0.18, ""max_samples"": null, ""min_samples_leaf"": 2, ""min_samples_split"": 4}",stage1_oob,224,0.7159375,119.344
stage1_074,stage1_random_oob,"{""criterion"": ""gini"", ""max_depth"": null, ""max_features"": 0.35, ""max_samples"": 0.9, ""min_samples_leaf"": 6, ""min_samples_split"": 14}",gini,,6,14,0.35,0.9,"{""criterion"": ""gini"", ""max_depth"": null, ""max_features"": 0.35, ""max_samples"": 0.9, ""min_samples_leaf"": 6, ""min_samples_split"": 14}",stage1_oob,224,0.71609375,154.995
stage1_025,stage1_random_oob,"{""criterion"": ""gini"", ""max_depth"": 24, ""max_features"": 0.7, ""max_samples"": 0.8, ""min_samples_leaf"": 1, ""min_samples_split"": 2}",gini,24.0,1,2,0.7,0.8,"{""criterion"": ""gini"", ""max_depth"": 24, ""max_features"": 0.7, ""max_samples"": 0.8, ""min_samples_leaf"": 1, ""min_samples_split"": 2}",stage1_oob,224,0.71625,317.419
stage1_036,stage1_random_oob,"{""criterion"": ""entropy"", ""max_depth"": 16, ""max_features"": 0.18, ""max_samples"": 0.65, ""min_samples_leaf"": 4, ""min_samples_split"": 6}",entropy,16.0,4,6,0.18,0.65,"{""criterion"": ""entropy"", ""max_depth"": 16, ""max_features"": 0.18, ""max_samples"": 0.65, ""min_samples_leaf"": 4, ""min_samples_split"": 6}",stage1_oob,224,0.71625,77.392
stage1_015,stage1_random_oob,"{""criterion"": ""entropy"", ""max_depth"": 40, ""max_features"": 0.18, ""max_samples"": 0.8, ""min_samples_leaf"": 6, ""min_samples_split"": 4}",entropy,40.0,6,4,0.18,0.8,"{""criterion"": ""entropy"", ""max_depth"": 40, ""max_features"": 0.18, ""max_samples"": 0.8, ""min_samples_leaf"": 6, ""min_samples_split"": 4}",stage1_oob,224,0.71640625,93.933
stage1_057,stage1_random_oob,"{""criterion"": ""gini"", ""max_depth"": 32, ""max_features"": 0.25, ""max_samples"": null, ""min_samples_leaf"": 2, ""min_samples_split"": 14}",gini,32.0,2,14,0.25,,"{""criterion"": ""gini"", ""max_depth"": 32, ""max_features"": 0.25, ""max_samples"": null, ""min_samples_leaf"": 2, ""min_samples_split"": 14}",stage1_oob,224,0.7165625,134.378
stage1_063,stage1_random_oob,"{""criterion"": ""log_loss"", ""max_depth"": 32, ""max_features"": ""sqrt"", ""max_samples"": null, ""min_samples_leaf"": 3, ""min_samples_split"": 4}",log_loss,32.0,3,4,sqrt,,"{""criterion"": ""log_loss"", ""max_depth"": 32, ""max_features"": ""sqrt"", ""max_samples"": null, ""min_samples_leaf"": 3, ""min_samples_split"": 4}",stage1_oob,224,0.7165625,47.112
stage1_040,stage1_random_oob,"{""criterion"": ""entropy"", ""max_depth"": 24, ""max_features"": 0.5, ""max_samples"": 0.65, ""min_samples_leaf"": 3, ""min_samples_split"": 14}",entropy,24.0,3,14,0.5,0.65,"{""criterion"": ""entropy"", ""max_depth"": 24, ""max_features"": 0.5, ""max_samples"": 0.65, ""min_samples_leaf"": 3, ""min_samples_split"": 14}",stage1_oob,224,0.71671875,224.166
stage1_034,stage1_random_oob,"{""criterion"": ""entropy"", ""max_depth"": 24, ""max_features"": 0.7, ""max_samples"": 0.8, ""min_samples_leaf"": 2, ""min_samples_split"": 14}",entropy,24.0,2,14,0.7,0.8,"{""criterion"": ""entropy"", ""max_depth"": 24, ""max_features"": 0.7, ""max_samples"": 0.8, ""min_samples_leaf"": 2, ""min_samples_split"": 14}",stage1_oob,224,0.71671875,376.824
stage1_095,stage1_random_oob,"{""criterion"": ""gini"", ""max_depth"": 40, ""max_features"": 0.12, ""max_samples"": 0.9, ""min_samples_leaf"": 2, ""min_samples_split"": 14}",gini,40.0,2,14,0.12,0.9,"{""criterion"": ""gini"", ""max_depth"": 40, ""max_features"": 0.12, ""max_samples"": 0.9, ""min_samples_leaf"": 2, ""min_samples_split"": 14}",stage1_oob,224,0.71671875,57.843
stage1_081,stage1_random_oob,"{""criterion"": ""entropy"", ""max_depth"": null, ""max_features"": ""sqrt"", ""max_samples"": 0.9, ""min_samples_leaf"": 2, ""min_samples_split"": 10}",entropy,,2,10,sqrt,0.9,"{""criterion"": ""entropy"", ""max_depth"": null, ""max_features"": ""sqrt"", ""max_samples"": 0.9, ""min_samples_leaf"": 2, ""min_samples_split"": 10}",stage1_oob,224,0.71703125,45.081
stage1_026,stage1_random_oob,"{""criterion"": ""gini"", ""max_depth"": 24, ""max_features"": 0.25, ""max_samples"": 0.8, ""min_samples_leaf"": 6, ""min_samples_split"": 14}",gini,24.0,6,14,0.25,0.8,"{""criterion"": ""gini"", ""max_depth"": 24, ""max_features"": 0.25, ""max_samples"": 0.8, ""min_samples_leaf"": 6, ""min_samples_split"": 14}",stage1_oob,224,0.7171875,99.968
stage1_028,stage1_random_oob,"{""criterion"": ""gini"", ""max_depth"": 24, ""max_features"": 0.12, ""max_samples"": 0.9, ""min_samples_leaf"": 3, ""min_samples_split"": 4}",gini,24.0,3,4,0.12,0.9,"{""criterion"": ""gini"", ""max_depth"": 24, ""max_features"": 0.12, ""max_samples"": 0.9, ""min_samples_leaf"": 3, ""min_samples_split"": 4}",stage1_oob,224,0.7171875,56.604
stage1_030,stage1_random_oob,"{""criterion"": ""gini"", ""max_depth"": 24, ""max_features"": 0.35, ""max_samples"": 0.9, ""min_samples_leaf"": 4, ""min_samples_split"": 2}",gini,24.0,4,2,0.35,0.9,"{""criterion"": ""gini"", ""max_depth"": 24, ""max_features"": 0.35, ""max_samples"": 0.9, ""min_samples_leaf"": 4, ""min_samples_split"": 2}",stage1_oob,224,0.71734375,160.034
stage1_029,stage1_random_oob,"{""criterion"": ""log_loss"", ""max_depth"": 16, ""max_features"": 0.7, ""max_samples"": 0.9, ""min_samples_leaf"": 6, ""min_samples_split"": 2}",log_loss,16.0,6,2,0.7,0.9,"{""criterion"": ""log_loss"", ""max_depth"": 16, ""max_features"": 0.7, ""max_samples"": 0.9, ""min_samples_leaf"": 6, ""min_samples_split"": 2}",stage1_oob,224,0.71734375,365.838
stage1_078,stage1_random_oob,"{""criterion"": ""log_loss"", ""max_depth"": 24, ""max_features"": 0.18, ""max_samples"": null, ""min_samples_leaf"": 1, ""min_samples_split"": 6}",log_loss,24.0,1,6,0.18,,"{""criterion"": ""log_loss"", ""max_depth"": 24, ""max_features"": 0.18, ""max_samples"": null, ""min_samples_leaf"": 1, ""min_samples_split"": 6}",stage1_oob,224,0.71765625,119.915
stage1_058,stage1_random_oob,"{""criterion"": ""log_loss"", ""max_depth"": 24, ""max_features"": 0.25, ""max_samples"": 0.65, ""min_samples_leaf"": 4, ""min_samples_split"": 4}",log_loss,24.0,4,4,0.25,0.65,"{""criterion"": ""log_loss"", ""max_depth"": 24, ""max_features"": 0.25, ""max_samples"": 0.65, ""min_samples_leaf"": 4, ""min_samples_split"": 4}",stage1_oob,224,0.7178125,114.127
stage1_053,stage1_random_oob,"{""criterion"": ""entropy"", ""max_depth"": 40, ""max_features"": 0.7, ""max_samples"": null, ""min_samples_leaf"": 1, ""min_samples_split"": 10}",entropy,40.0,1,10,0.7,,"{""criterion"": ""entropy"", ""max_depth"": 40, ""max_features"": 0.7, ""max_samples"": null, ""min_samples_leaf"": 1, ""min_samples_split"": 10}",stage1_oob,224,0.7178125,467.655
stage1_020,stage1_random_oob,"{""criterion"": ""gini"", ""max_depth"": 32, ""max_features"": 0.12, ""max_samples"": null, ""min_samples_leaf"": 3, ""min_samples_split"": 6}",gini,32.0,3,6,0.12,,"{""criterion"": ""gini"", ""max_depth"": 32, ""max_features"": 0.12, ""max_samples"": null, ""min_samples_leaf"": 3, ""min_samples_split"": 6}",stage1_oob,224,0.7178125,62.256
stage1_045,stage1_random_oob,"{""criterion"": ""gini"", ""max_depth"": 40, ""max_features"": 0.35, ""max_samples"": 0.8, ""min_samples_leaf"": 1, ""min_samples_split"": 2}",gini,40.0,1,2,0.35,0.8,"{""criterion"": ""gini"", ""max_depth"": 40, ""max_features"": 0.35, ""max_samples"": 0.8, ""min_samples_leaf"": 1, ""min_samples_split"": 2}",stage1_oob,224,0.71796875,163.629
stage1_044,stage1_random_oob,"{""criterion"": ""entropy"", ""max_depth"": 40, ""max_features"": 0.25, ""max_samples"": 0.8, ""min_samples_leaf"": 6, ""min_samples_split"": 14}",entropy,40.0,6,14,0.25,0.8,"{""criterion"": ""entropy"", ""max_depth"": 40, ""max_features"": 0.25, ""max_samples"": 0.8, ""min_samples_leaf"": 6, ""min_samples_split"": 14}",stage1_oob,224,0.71828125,130.212
stage1_027,stage1_random_oob,"{""criterion"": ""entropy"", ""max_depth"": 32, ""max_features"": 0.5, ""max_samples"": 0.8, ""min_samples_leaf"": 2, ""min_samples_split"": 4}",entropy,32.0,2,4,0.5,0.8,"{""criterion"": ""entropy"", ""max_depth"": 32, ""max_features"": 0.5, ""max_samples"": 0.8, ""min_samples_leaf"": 2, ""min_samples_split"": 4}",stage1_oob,224,0.7184375,276.458
stage1_003,stage1_random_oob,"{""criterion"": ""entropy"", ""max_depth"": 56, ""max_features"": 0.7, ""max_samples"": null, ""min_samples_leaf"": 4, ""min_samples_split"": 14}",entropy,56.0,4,14,0.7,,"{""criterion"": ""entropy"", ""max_depth"": 56, ""max_features"": 0.7, ""max_samples"": null, ""min_samples_leaf"": 4, ""min_samples_split"": 14}",stage1_oob,224,0.7184375,436.311
stage1_073,stage1_random_oob,"{""criterion"": ""entropy"", ""max_depth"": 32, ""max_features"": 0.7, ""max_samples"": null, ""min_samples_leaf"": 6, ""min_samples_split"": 10}",entropy,32.0,6,10,0.7,,"{""criterion"": ""entropy"", ""max_depth"": 32, ""max_features"": 0.7, ""max_samples"": null, ""min_samples_leaf"": 6, ""min_samples_split"": 10}",stage1_oob,224,0.7184375,423.048
stage1_017,stage1_random_oob,"{""criterion"": ""entropy"", ""max_depth"": 40, ""max_features"": 0.18, ""max_samples"": 0.65, ""min_samples_leaf"": 2, ""min_samples_split"": 4}",entropy,40.0,2,4,0.18,0.65,"{""criterion"": ""entropy"", ""max_depth"": 40, ""max_features"": 0.18, ""max_samples"": 0.65, ""min_samples_leaf"": 2, ""min_samples_split"": 4}",stage1_oob,224,0.71859375,86.055
stage1_024,stage1_random_oob,"{""criterion"": ""gini"", ""max_depth"": 56, ""max_features"": 0.18, ""max_samples"": null, ""min_samples_leaf"": 6, ""min_samples_split"": 6}",gini,56.0,6,6,0.18,,"{""criterion"": ""gini"", ""max_depth"": 56, ""max_features"": 0.18, ""max_samples"": null, ""min_samples_leaf"": 6, ""min_samples_split"": 6}",stage1_oob,224,0.71875,85.393
stage1_059,stage1_random_oob,"{""criterion"": ""gini"", ""max_depth"": 24, ""max_features"": 0.7, ""max_samples"": null, ""min_samples_leaf"": 4, ""min_samples_split"": 6}",gini,24.0,4,6,0.7,,"{""criterion"": ""gini"", ""max_depth"": 24, ""max_features"": 0.7, ""max_samples"": null, ""min_samples_leaf"": 4, ""min_samples_split"": 6}",stage1_oob,224,0.71875,353.802
stage1_042,stage1_random_oob,"{""criterion"": ""entropy"", ""max_depth"": 56, ""max_features"": 0.7, ""max_samples"": 0.65, ""min_samples_leaf"": 6, ""min_samples_split"": 6}",entropy,56.0,6,6,0.7,0.65,"{""criterion"": ""entropy"", ""max_depth"": 56, ""max_features"": 0.7, ""max_samples"": 0.65, ""min_samples_leaf"": 6, ""min_samples_split"": 6}",stage1_oob,224,0.71875,297.521
stage1_037,stage1_random_oob,"{""criterion"": ""entropy"", ""max_depth"": 40, ""max_features"": 0.35, ""max_samples"": null, ""min_samples_leaf"": 6, ""min_samples_split"": 14}",entropy,40.0,6,14,0.35,,"{""criterion"": ""entropy"", ""max_depth"": 40, ""max_features"": 0.35, ""max_samples"": null, ""min_samples_leaf"": 6, ""min_samples_split"": 14}",stage1_oob,224,0.71921875,214.007
stage1_001,stage1_random_oob,"{""criterion"": ""entropy"", ""max_depth"": 32, ""max_features"": 0.7, ""max_samples"": 0.65, ""min_samples_leaf"": 6, ""min_samples_split"": 10}",entropy,32.0,6,10,0.7,0.65,"{""criterion"": ""entropy"", ""max_depth"": 32, ""max_features"": 0.7, ""max_samples"": 0.65, ""min_samples_leaf"": 6, ""min_samples_split"": 10}",stage1_oob,224,0.719375,300.155
stage1_068,stage1_random_oob,"{""criterion"": ""log_loss"", ""max_depth"": null, ""max_features"": ""sqrt"", ""max_samples"": 0.65, ""min_samples_leaf"": 1, ""min_samples_split"": 4}",log_loss,,1,4,sqrt,0.65,"{""criterion"": ""log_loss"", ""max_depth"": null, ""max_features"": ""sqrt"", ""max_samples"": 0.65, ""min_samples_leaf"": 1, ""min_samples_split"": 4}",stage1_oob,224,0.71953125,35.08
stage1_061,stage1_random_oob,"{""criterion"": ""gini"", ""max_depth"": 56, ""max_features"": 0.35, ""max_samples"": null, ""min_samples_leaf"": 4, ""min_samples_split"": 10}",gini,56.0,4,10,0.35,,"{""criterion"": ""gini"", ""max_depth"": 56, ""max_features"": 0.35, ""max_samples"": null, ""min_samples_leaf"": 4, ""min_samples_split"": 10}",stage1_oob,224,0.71953125,178.328
stage1_043,stage1_random_oob,"{""criterion"": ""gini"", ""max_depth"": 40, ""max_features"": 0.5, ""max_samples"": 0.8, ""min_samples_leaf"": 2, ""min_samples_split"": 14}",gini,40.0,2,14,0.5,0.8,"{""criterion"": ""gini"", ""max_depth"": 40, ""max_features"": 0.5, ""max_samples"": 0.8, ""min_samples_leaf"": 2, ""min_samples_split"": 14}",stage1_oob,224,0.7196875,222.426
stage1_018,stage1_random_oob,"{""criterion"": ""log_loss"", ""max_depth"": 24, ""max_features"": 0.7, ""max_samples"": 0.65, ""min_samples_leaf"": 2, ""min_samples_split"": 14}",log_loss,24.0,2,14,0.7,0.65,"{""criterion"": ""log_loss"", ""max_depth"": 24, ""max_features"": 0.7, ""max_samples"": 0.65, ""min_samples_leaf"": 2, ""min_samples_split"": 14}",stage1_oob,224,0.72,317.999
stage1_083,stage1_random_oob,"{""criterion"": ""gini"", ""max_depth"": 24, ""max_features"": 0.7, ""max_samples"": 0.65, ""min_samples_leaf"": 1, ""min_samples_split"": 14}",gini,24.0,1,14,0.7,0.65,"{""criterion"": ""gini"", ""max_depth"": 24, ""max_features"": 0.7, ""max_samples"": 0.65, ""min_samples_leaf"": 1, ""min_samples_split"": 14}",stage1_oob,224,0.72046875,261.386
stage1_094,stage1_random_oob,"{""criterion"": ""log_loss"", ""max_depth"": 56, ""max_features"": ""sqrt"", ""max_samples"": 0.8, ""min_samples_leaf"": 2, ""min_samples_split"": 2}",log_loss,56.0,2,2,sqrt,0.8,"{""criterion"": ""log_loss"", ""max_depth"": 56, ""max_features"": ""sqrt"", ""max_samples"": 0.8, ""min_samples_leaf"": 2, ""min_samples_split"": 2}",stage1_oob,224,0.7209375,40.897
stage1_033,stage1_random_oob,"{""criterion"": ""log_loss"", ""max_depth"": null, ""max_features"": 0.18, ""max_samples"": 0.8, ""min_samples_leaf"": 3, ""min_samples_split"": 10}",log_loss,,3,10,0.18,0.8,"{""criterion"": ""log_loss"", ""max_depth"": null, ""max_features"": 0.18, ""max_samples"": 0.8, ""min_samples_leaf"": 3, ""min_samples_split"": 10}",stage1_oob,224,0.72125,99.681
stage1_049,stage1_random_oob,"{""criterion"": ""entropy"", ""max_depth"": 40, ""max_features"": 0.25, ""max_samples"": 0.9, ""min_samples_leaf"": 2, ""min_samples_split"": 10}",entropy,40.0,2,10,0.25,0.9,"{""criterion"": ""entropy"", ""max_depth"": 40, ""max_features"": 0.25, ""max_samples"": 0.9, ""min_samples_leaf"": 2, ""min_samples_split"": 10}",stage1_oob,224,0.721875,150.842
stage1_006,stage1_random_oob,"{""criterion"": ""log_loss"", ""max_depth"": 56, ""max_features"": 0.12, ""max_samples"": 0.65, ""min_samples_leaf"": 2, ""min_samples_split"": 4}",log_loss,56.0,2,4,0.12,0.65,"{""criterion"": ""log_loss"", ""max_depth"": 56, ""max_features"": 0.12, ""max_samples"": 0.65, ""min_samples_leaf"": 2, ""min_samples_split"": 4}",stage1_oob,224,0.72203125,57.536
stage1_070,stage1_random_oob,"{""criterion"": ""entropy"", ""max_depth"": 32, ""max_features"": 0.5, ""max_samples"": 0.65, ""min_samples_leaf"": 3, ""min_samples_split"": 4}",entropy,32.0,3,4,0.5,0.65,"{""criterion"": ""entropy"", ""max_depth"": 32, ""max_features"": 0.5, ""max_samples"": 0.65, ""min_samples_leaf"": 3, ""min_samples_split"": 4}",stage1_oob,224,0.7221875,227.485
stage1_010,stage1_random_oob,"{""criterion"": ""entropy"", ""max_depth"": 24, ""max_features"": 0.18, ""max_samples"": null, ""min_samples_leaf"": 4, ""min_samples_split"": 10}",entropy,24.0,4,10,0.18,,"{""criterion"": ""entropy"", ""max_depth"": 24, ""max_features"": 0.18, ""max_samples"": null, ""min_samples_leaf"": 4, ""min_samples_split"": 10}",stage1_oob,224,0.72234375,114.157
stage1_088,stage1_random_oob,"{""criterion"": ""log_loss"", ""max_depth"": 40, ""max_features"": 0.35, ""max_samples"": null, ""min_samples_leaf"": 1, ""min_samples_split"": 2}",log_loss,40.0,1,2,0.35,,"{""criterion"": ""log_loss"", ""max_depth"": 40, ""max_features"": 0.35, ""max_samples"": null, ""min_samples_leaf"": 1, ""min_samples_split"": 2}",stage1_oob,224,0.7225,230.212
stage1_022,stage1_random_oob,"{""criterion"": ""entropy"", ""max_depth"": null, ""max_features"": 0.7, ""max_samples"": null, ""min_samples_leaf"": 3, ""min_samples_split"": 4}",entropy,,3,4,0.7,,"{""criterion"": ""entropy"", ""max_depth"": null, ""max_features"": 0.7, ""max_samples"": null, ""min_samples_leaf"": 3, ""min_samples_split"": 4}",stage1_oob,224,0.72328125,450.678
stage1_013,stage1_random_oob,"{""criterion"": ""log_loss"", ""max_depth"": 40, ""max_features"": 0.7, ""max_samples"": 0.9, ""min_samples_leaf"": 2, ""min_samples_split"": 4}",log_loss,40.0,2,4,0.7,0.9,"{""criterion"": ""log_loss"", ""max_depth"": 40, ""max_features"": 0.7, ""max_samples"": 0.9, ""min_samples_leaf"": 2, ""min_samples_split"": 4}",stage1_oob,224,0.72328125,415.939
stage1_041,stage1_random_oob,"{""criterion"": ""gini"", ""max_depth"": 32, ""max_features"": 0.25, ""max_samples"": 0.9, ""min_samples_leaf"": 3, ""min_samples_split"": 2}",gini,32.0,3,2,0.25,0.9,"{""criterion"": ""gini"", ""max_depth"": 32, ""max_features"": 0.25, ""max_samples"": 0.9, ""min_samples_leaf"": 3, ""min_samples_split"": 2}",stage1_oob,224,0.72375,119.414
