candidate_id,source,signature,feature__set,feature__raw_pca,scale__method,model__family,model__n_neighbors,model__metric,model__C,model__gamma,params_json,stage,cv_mean_accuracy,cv_std_accuracy,total_fit_seconds
stage1_101,stage2_shortlist_from_stage1,"{""feature__raw_pca"": 32, ""feature__set"": ""all"", ""model__C"": 6.0, ""model__family"": ""svm"", ""model__gamma"": 0.01, ""model__metric"": null, ""model__n_neighbors"": null, ""scale__method"": ""standard""}",all,32,standard,svm,,,6.0,0.01,"{""feature__raw_pca"": 32, ""feature__set"": ""all"", ""model__C"": 6.0, ""model__family"": ""svm"", ""model__gamma"": 0.01, ""model__metric"": null, ""model__n_neighbors"": null, ""scale__method"": ""standard""}",stage2_cv,0.9356249999999999,0.005419870847169692,10.605999999999998
stage1_107,stage2_shortlist_from_stage1,"{""feature__raw_pca"": 32, ""feature__set"": ""all"", ""model__C"": 6.0, ""model__family"": ""svm"", ""model__gamma"": 0.01, ""model__metric"": null, ""model__n_neighbors"": null, ""scale__method"": ""robust""}",all,32,robust,svm,,,6.0,0.01,"{""feature__raw_pca"": 32, ""feature__set"": ""all"", ""model__C"": 6.0, ""model__family"": ""svm"", ""model__gamma"": 0.01, ""model__metric"": null, ""model__n_neighbors"": null, ""scale__method"": ""robust""}",stage2_cv,0.9344999999999999,0.007420411039827906,9.26
stage1_100,stage2_shortlist_from_stage1,"{""feature__raw_pca"": 32, ""feature__set"": ""all"", ""model__C"": 3.0, ""model__family"": ""svm"", ""model__gamma"": 0.01, ""model__metric"": null, ""model__n_neighbors"": null, ""scale__method"": ""standard""}",all,32,standard,svm,,,3.0,0.01,"{""feature__raw_pca"": 32, ""feature__set"": ""all"", ""model__C"": 3.0, ""model__family"": ""svm"", ""model__gamma"": 0.01, ""model__metric"": null, ""model__n_neighbors"": null, ""scale__method"": ""standard""}",stage2_cv,0.9339999999999999,0.006429910574805851,10.137
stage1_089,stage2_shortlist_from_stage1,"{""feature__raw_pca"": 16, ""feature__set"": ""all"", ""model__C"": 6.0, ""model__family"": ""svm"", ""model__gamma"": 0.01, ""model__metric"": null, ""model__n_neighbors"": null, ""scale__method"": ""standard""}",all,16,standard,svm,,,6.0,0.01,"{""feature__raw_pca"": 16, ""feature__set"": ""all"", ""model__C"": 6.0, ""model__family"": ""svm"", ""model__gamma"": 0.01, ""model__metric"": null, ""model__n_neighbors"": null, ""scale__method"": ""standard""}",stage2_cv,0.932625,0.005908151149048231,7.829000000000001
stage1_071,stage2_shortlist_from_stage1,"{""feature__raw_pca"": 32, ""feature__set"": ""fft"", ""model__C"": 6.0, ""model__family"": ""svm"", ""model__gamma"": 0.01, ""model__metric"": null, ""model__n_neighbors"": null, ""scale__method"": ""robust""}",fft,32,robust,svm,,,6.0,0.01,"{""feature__raw_pca"": 32, ""feature__set"": ""fft"", ""model__C"": 6.0, ""model__family"": ""svm"", ""model__gamma"": 0.01, ""model__metric"": null, ""model__n_neighbors"": null, ""scale__method"": ""robust""}",stage2_cv,0.932625,0.005692648768367848,9.975999999999999
stage1_065,stage2_shortlist_from_stage1,"{""feature__raw_pca"": 32, ""feature__set"": ""fft"", ""model__C"": 6.0, ""model__family"": ""svm"", ""model__gamma"": 0.01, ""model__metric"": null, ""model__n_neighbors"": null, ""scale__method"": ""standard""}",fft,32,standard,svm,,,6.0,0.01,"{""feature__raw_pca"": 32, ""feature__set"": ""fft"", ""model__C"": 6.0, ""model__family"": ""svm"", ""model__gamma"": 0.01, ""model__metric"": null, ""model__n_neighbors"": null, ""scale__method"": ""standard""}",stage2_cv,0.932625,0.007566372975210787,10.295000000000002
stage1_095,stage2_shortlist_from_stage1,"{""feature__raw_pca"": 16, ""feature__set"": ""all"", ""model__C"": 6.0, ""model__family"": ""svm"", ""model__gamma"": 0.01, ""model__metric"": null, ""model__n_neighbors"": null, ""scale__method"": ""robust""}",all,16,robust,svm,,,6.0,0.01,"{""feature__raw_pca"": 16, ""feature__set"": ""all"", ""model__C"": 6.0, ""model__family"": ""svm"", ""model__gamma"": 0.01, ""model__metric"": null, ""model__n_neighbors"": null, ""scale__method"": ""robust""}",stage2_cv,0.9321249999999999,0.00638112450905012,7.654
stage1_106,stage2_shortlist_from_stage1,"{""feature__raw_pca"": 32, ""feature__set"": ""all"", ""model__C"": 3.0, ""model__family"": ""svm"", ""model__gamma"": 0.01, ""model__metric"": null, ""model__n_neighbors"": null, ""scale__method"": ""robust""}",all,32,robust,svm,,,3.0,0.01,"{""feature__raw_pca"": 32, ""feature__set"": ""all"", ""model__C"": 3.0, ""model__family"": ""svm"", ""model__gamma"": 0.01, ""model__metric"": null, ""model__n_neighbors"": null, ""scale__method"": ""robust""}",stage2_cv,0.931875,0.005955564624785815,10.552
stage1_083,stage2_shortlist_from_stage1,"{""feature__raw_pca"": 0, ""feature__set"": ""all"", ""model__C"": 6.0, ""model__family"": ""svm"", ""model__gamma"": 0.01, ""model__metric"": null, ""model__n_neighbors"": null, ""scale__method"": ""robust""}",all,0,robust,svm,,,6.0,0.01,"{""feature__raw_pca"": 0, ""feature__set"": ""all"", ""model__C"": 6.0, ""model__family"": ""svm"", ""model__gamma"": 0.01, ""model__metric"": null, ""model__n_neighbors"": null, ""scale__method"": ""robust""}",stage2_cv,0.9313749999999998,0.0071959189823121005,6.197000000000001
stage1_064,stage2_shortlist_from_stage1,"{""feature__raw_pca"": 32, ""feature__set"": ""fft"", ""model__C"": 3.0, ""model__family"": ""svm"", ""model__gamma"": 0.01, ""model__metric"": null, ""model__n_neighbors"": null, ""scale__method"": ""standard""}",fft,32,standard,svm,,,3.0,0.01,"{""feature__raw_pca"": 32, ""feature__set"": ""fft"", ""model__C"": 3.0, ""model__family"": ""svm"", ""model__gamma"": 0.01, ""model__metric"": null, ""model__n_neighbors"": null, ""scale__method"": ""standard""}",stage2_cv,0.9303750000000001,0.008629527797046609,8.352
stage1_088,stage2_shortlist_from_stage1,"{""feature__raw_pca"": 16, ""feature__set"": ""all"", ""model__C"": 3.0, ""model__family"": ""svm"", ""model__gamma"": 0.01, ""model__metric"": null, ""model__n_neighbors"": null, ""scale__method"": ""standard""}",all,16,standard,svm,,,3.0,0.01,"{""feature__raw_pca"": 16, ""feature__set"": ""all"", ""model__C"": 3.0, ""model__family"": ""svm"", ""model__gamma"": 0.01, ""model__metric"": null, ""model__n_neighbors"": null, ""scale__method"": ""standard""}",stage2_cv,0.9295,0.008690871647884341,8.831
stage1_082,stage2_shortlist_from_stage1,"{""feature__raw_pca"": 0, ""feature__set"": ""all"", ""model__C"": 3.0, ""model__family"": ""svm"", ""model__gamma"": 0.01, ""model__metric"": null, ""model__n_neighbors"": null, ""scale__method"": ""robust""}",all,0,robust,svm,,,3.0,0.01,"{""feature__raw_pca"": 0, ""feature__set"": ""all"", ""model__C"": 3.0, ""model__family"": ""svm"", ""model__gamma"": 0.01, ""model__metric"": null, ""model__n_neighbors"": null, ""scale__method"": ""robust""}",stage2_cv,0.929125,0.006028577775893729,7.4510000000000005
stage1_053,stage2_shortlist_from_stage1,"{""feature__raw_pca"": 16, ""feature__set"": ""fft"", ""model__C"": 6.0, ""model__family"": ""svm"", ""model__gamma"": 0.01, ""model__metric"": null, ""model__n_neighbors"": null, ""scale__method"": ""standard""}",fft,16,standard,svm,,,6.0,0.01,"{""feature__raw_pca"": 16, ""feature__set"": ""fft"", ""model__C"": 6.0, ""model__family"": ""svm"", ""model__gamma"": 0.01, ""model__metric"": null, ""model__n_neighbors"": null, ""scale__method"": ""standard""}",stage2_cv,0.9283750000000002,0.006761564168149261,6.895
stage1_070,stage2_shortlist_from_stage1,"{""feature__raw_pca"": 32, ""feature__set"": ""fft"", ""model__C"": 3.0, ""model__family"": ""svm"", ""model__gamma"": 0.01, ""model__metric"": null, ""model__n_neighbors"": null, ""scale__method"": ""robust""}",fft,32,robust,svm,,,3.0,0.01,"{""feature__raw_pca"": 32, ""feature__set"": ""fft"", ""model__C"": 3.0, ""model__family"": ""svm"", ""model__gamma"": 0.01, ""model__metric"": null, ""model__n_neighbors"": null, ""scale__method"": ""robust""}",stage2_cv,0.928125,0.005673402858955093,10.225
stage1_059,stage2_shortlist_from_stage1,"{""feature__raw_pca"": 16, ""feature__set"": ""fft"", ""model__C"": 6.0, ""model__family"": ""svm"", ""model__gamma"": 0.01, ""model__metric"": null, ""model__n_neighbors"": null, ""scale__method"": ""robust""}",fft,16,robust,svm,,,6.0,0.01,"{""feature__raw_pca"": 16, ""feature__set"": ""fft"", ""model__C"": 6.0, ""model__family"": ""svm"", ""model__gamma"": 0.01, ""model__metric"": null, ""model__n_neighbors"": null, ""scale__method"": ""robust""}",stage2_cv,0.9278749999999999,0.006910137480542641,8.717
stage1_047,stage2_shortlist_from_stage1,"{""feature__raw_pca"": 0, ""feature__set"": ""fft"", ""model__C"": 6.0, ""model__family"": ""svm"", ""model__gamma"": 0.01, ""model__metric"": null, ""model__n_neighbors"": null, ""scale__method"": ""robust""}",fft,0,robust,svm,,,6.0,0.01,"{""feature__raw_pca"": 0, ""feature__set"": ""fft"", ""model__C"": 6.0, ""model__family"": ""svm"", ""model__gamma"": 0.01, ""model__metric"": null, ""model__n_neighbors"": null, ""scale__method"": ""robust""}",stage2_cv,0.9272500000000001,0.006454165321712812,5.300000000000001
stage1_094,stage2_shortlist_from_stage1,"{""feature__raw_pca"": 16, ""feature__set"": ""all"", ""model__C"": 3.0, ""model__family"": ""svm"", ""model__gamma"": 0.01, ""model__metric"": null, ""model__n_neighbors"": null, ""scale__method"": ""robust""}",all,16,robust,svm,,,3.0,0.01,"{""feature__raw_pca"": 16, ""feature__set"": ""all"", ""model__C"": 3.0, ""model__family"": ""svm"", ""model__gamma"": 0.01, ""model__metric"": null, ""model__n_neighbors"": null, ""scale__method"": ""robust""}",stage2_cv,0.92675,0.006747684788132873,8.713
stage1_058,stage2_shortlist_from_stage1,"{""feature__raw_pca"": 16, ""feature__set"": ""fft"", ""model__C"": 3.0, ""model__family"": ""svm"", ""model__gamma"": 0.01, ""model__metric"": null, ""model__n_neighbors"": null, ""scale__method"": ""robust""}",fft,16,robust,svm,,,3.0,0.01,"{""feature__raw_pca"": 16, ""feature__set"": ""fft"", ""model__C"": 3.0, ""model__family"": ""svm"", ""model__gamma"": 0.01, ""model__metric"": null, ""model__n_neighbors"": null, ""scale__method"": ""robust""}",stage2_cv,0.9243750000000001,0.00814900300650327,6.848999999999999
