candidate_id,source,signature,feature__set,feature__raw_pca,scale__method,model__family,model__n_neighbors,model__metric,model__C,model__gamma,params_json,stage,fold_idx,fold_accuracy,fit_seconds
stage1_101,stage2_shortlist_from_stage1,"{""feature__raw_pca"": 32, ""feature__set"": ""all"", ""model__C"": 6.0, ""model__family"": ""svm"", ""model__gamma"": 0.01, ""model__metric"": null, ""model__n_neighbors"": null, ""scale__method"": ""standard""}",all,32,standard,svm,,,6.0,0.01,"{""feature__raw_pca"": 32, ""feature__set"": ""all"", ""model__C"": 6.0, ""model__family"": ""svm"", ""model__gamma"": 0.01, ""model__metric"": null, ""model__n_neighbors"": null, ""scale__method"": ""standard""}",stage2_cv,0,0.929375,1.92
stage1_107,stage2_shortlist_from_stage1,"{""feature__raw_pca"": 32, ""feature__set"": ""all"", ""model__C"": 6.0, ""model__family"": ""svm"", ""model__gamma"": 0.01, ""model__metric"": null, ""model__n_neighbors"": null, ""scale__method"": ""robust""}",all,32,robust,svm,,,6.0,0.01,"{""feature__raw_pca"": 32, ""feature__set"": ""all"", ""model__C"": 6.0, ""model__family"": ""svm"", ""model__gamma"": 0.01, ""model__metric"": null, ""model__n_neighbors"": null, ""scale__method"": ""robust""}",stage2_cv,0,0.9225,1.811
stage1_065,stage2_shortlist_from_stage1,"{""feature__raw_pca"": 32, ""feature__set"": ""fft"", ""model__C"": 6.0, ""model__family"": ""svm"", ""model__gamma"": 0.01, ""model__metric"": null, ""model__n_neighbors"": null, ""scale__method"": ""standard""}",fft,32,standard,svm,,,6.0,0.01,"{""feature__raw_pca"": 32, ""feature__set"": ""fft"", ""model__C"": 6.0, ""model__family"": ""svm"", ""model__gamma"": 0.01, ""model__metric"": null, ""model__n_neighbors"": null, ""scale__method"": ""standard""}",stage2_cv,0,0.92625,2.5
stage1_071,stage2_shortlist_from_stage1,"{""feature__raw_pca"": 32, ""feature__set"": ""fft"", ""model__C"": 6.0, ""model__family"": ""svm"", ""model__gamma"": 0.01, ""model__metric"": null, ""model__n_neighbors"": null, ""scale__method"": ""robust""}",fft,32,robust,svm,,,6.0,0.01,"{""feature__raw_pca"": 32, ""feature__set"": ""fft"", ""model__C"": 6.0, ""model__family"": ""svm"", ""model__gamma"": 0.01, ""model__metric"": null, ""model__n_neighbors"": null, ""scale__method"": ""robust""}",stage2_cv,0,0.92625,1.845
stage1_089,stage2_shortlist_from_stage1,"{""feature__raw_pca"": 16, ""feature__set"": ""all"", ""model__C"": 6.0, ""model__family"": ""svm"", ""model__gamma"": 0.01, ""model__metric"": null, ""model__n_neighbors"": null, ""scale__method"": ""standard""}",all,16,standard,svm,,,6.0,0.01,"{""feature__raw_pca"": 16, ""feature__set"": ""all"", ""model__C"": 6.0, ""model__family"": ""svm"", ""model__gamma"": 0.01, ""model__metric"": null, ""model__n_neighbors"": null, ""scale__method"": ""standard""}",stage2_cv,0,0.925625,1.535
stage1_100,stage2_shortlist_from_stage1,"{""feature__raw_pca"": 32, ""feature__set"": ""all"", ""model__C"": 3.0, ""model__family"": ""svm"", ""model__gamma"": 0.01, ""model__metric"": null, ""model__n_neighbors"": null, ""scale__method"": ""standard""}",all,32,standard,svm,,,3.0,0.01,"{""feature__raw_pca"": 32, ""feature__set"": ""all"", ""model__C"": 3.0, ""model__family"": ""svm"", ""model__gamma"": 0.01, ""model__metric"": null, ""model__n_neighbors"": null, ""scale__method"": ""standard""}",stage2_cv,0,0.92375,1.847
stage1_082,stage2_shortlist_from_stage1,"{""feature__raw_pca"": 0, ""feature__set"": ""all"", ""model__C"": 3.0, ""model__family"": ""svm"", ""model__gamma"": 0.01, ""model__metric"": null, ""model__n_neighbors"": null, ""scale__method"": ""robust""}",all,0,robust,svm,,,3.0,0.01,"{""feature__raw_pca"": 0, ""feature__set"": ""all"", ""model__C"": 3.0, ""model__family"": ""svm"", ""model__gamma"": 0.01, ""model__metric"": null, ""model__n_neighbors"": null, ""scale__method"": ""robust""}",stage2_cv,0,0.919375,1.205
stage1_083,stage2_shortlist_from_stage1,"{""feature__raw_pca"": 0, ""feature__set"": ""all"", ""model__C"": 6.0, ""model__family"": ""svm"", ""model__gamma"": 0.01, ""model__metric"": null, ""model__n_neighbors"": null, ""scale__method"": ""robust""}",all,0,robust,svm,,,6.0,0.01,"{""feature__raw_pca"": 0, ""feature__set"": ""all"", ""model__C"": 6.0, ""model__family"": ""svm"", ""model__gamma"": 0.01, ""model__metric"": null, ""model__n_neighbors"": null, ""scale__method"": ""robust""}",stage2_cv,0,0.919375,1.164
stage1_095,stage2_shortlist_from_stage1,"{""feature__raw_pca"": 16, ""feature__set"": ""all"", ""model__C"": 6.0, ""model__family"": ""svm"", ""model__gamma"": 0.01, ""model__metric"": null, ""model__n_neighbors"": null, ""scale__method"": ""robust""}",all,16,robust,svm,,,6.0,0.01,"{""feature__raw_pca"": 16, ""feature__set"": ""all"", ""model__C"": 6.0, ""model__family"": ""svm"", ""model__gamma"": 0.01, ""model__metric"": null, ""model__n_neighbors"": null, ""scale__method"": ""robust""}",stage2_cv,0,0.92375,1.495
stage1_106,stage2_shortlist_from_stage1,"{""feature__raw_pca"": 32, ""feature__set"": ""all"", ""model__C"": 3.0, ""model__family"": ""svm"", ""model__gamma"": 0.01, ""model__metric"": null, ""model__n_neighbors"": null, ""scale__method"": ""robust""}",all,32,robust,svm,,,3.0,0.01,"{""feature__raw_pca"": 32, ""feature__set"": ""all"", ""model__C"": 3.0, ""model__family"": ""svm"", ""model__gamma"": 0.01, ""model__metric"": null, ""model__n_neighbors"": null, ""scale__method"": ""robust""}",stage2_cv,0,0.9225,2.331
stage1_070,stage2_shortlist_from_stage1,"{""feature__raw_pca"": 32, ""feature__set"": ""fft"", ""model__C"": 3.0, ""model__family"": ""svm"", ""model__gamma"": 0.01, ""model__metric"": null, ""model__n_neighbors"": null, ""scale__method"": ""robust""}",fft,32,robust,svm,,,3.0,0.01,"{""feature__raw_pca"": 32, ""feature__set"": ""fft"", ""model__C"": 3.0, ""model__family"": ""svm"", ""model__gamma"": 0.01, ""model__metric"": null, ""model__n_neighbors"": null, ""scale__method"": ""robust""}",stage2_cv,0,0.9225,2.083
stage1_064,stage2_shortlist_from_stage1,"{""feature__raw_pca"": 32, ""feature__set"": ""fft"", ""model__C"": 3.0, ""model__family"": ""svm"", ""model__gamma"": 0.01, ""model__metric"": null, ""model__n_neighbors"": null, ""scale__method"": ""standard""}",fft,32,standard,svm,,,3.0,0.01,"{""feature__raw_pca"": 32, ""feature__set"": ""fft"", ""model__C"": 3.0, ""model__family"": ""svm"", ""model__gamma"": 0.01, ""model__metric"": null, ""model__n_neighbors"": null, ""scale__method"": ""standard""}",stage2_cv,0,0.920625,1.63
stage1_047,stage2_shortlist_from_stage1,"{""feature__raw_pca"": 0, ""feature__set"": ""fft"", ""model__C"": 6.0, ""model__family"": ""svm"", ""model__gamma"": 0.01, ""model__metric"": null, ""model__n_neighbors"": null, ""scale__method"": ""robust""}",fft,0,robust,svm,,,6.0,0.01,"{""feature__raw_pca"": 0, ""feature__set"": ""fft"", ""model__C"": 6.0, ""model__family"": ""svm"", ""model__gamma"": 0.01, ""model__metric"": null, ""model__n_neighbors"": null, ""scale__method"": ""robust""}",stage2_cv,0,0.918125,1.031
stage1_094,stage2_shortlist_from_stage1,"{""feature__raw_pca"": 16, ""feature__set"": ""all"", ""model__C"": 3.0, ""model__family"": ""svm"", ""model__gamma"": 0.01, ""model__metric"": null, ""model__n_neighbors"": null, ""scale__method"": ""robust""}",all,16,robust,svm,,,3.0,0.01,"{""feature__raw_pca"": 16, ""feature__set"": ""all"", ""model__C"": 3.0, ""model__family"": ""svm"", ""model__gamma"": 0.01, ""model__metric"": null, ""model__n_neighbors"": null, ""scale__method"": ""robust""}",stage2_cv,0,0.915625,1.539
stage1_088,stage2_shortlist_from_stage1,"{""feature__raw_pca"": 16, ""feature__set"": ""all"", ""model__C"": 3.0, ""model__family"": ""svm"", ""model__gamma"": 0.01, ""model__metric"": null, ""model__n_neighbors"": null, ""scale__method"": ""standard""}",all,16,standard,svm,,,3.0,0.01,"{""feature__raw_pca"": 16, ""feature__set"": ""all"", ""model__C"": 3.0, ""model__family"": ""svm"", ""model__gamma"": 0.01, ""model__metric"": null, ""model__n_neighbors"": null, ""scale__method"": ""standard""}",stage2_cv,0,0.918125,1.544
stage1_053,stage2_shortlist_from_stage1,"{""feature__raw_pca"": 16, ""feature__set"": ""fft"", ""model__C"": 6.0, ""model__family"": ""svm"", ""model__gamma"": 0.01, ""model__metric"": null, ""model__n_neighbors"": null, ""scale__method"": ""standard""}",fft,16,standard,svm,,,6.0,0.01,"{""feature__raw_pca"": 16, ""feature__set"": ""fft"", ""model__C"": 6.0, ""model__family"": ""svm"", ""model__gamma"": 0.01, ""model__metric"": null, ""model__n_neighbors"": null, ""scale__method"": ""standard""}",stage2_cv,0,0.918125,1.384
stage1_058,stage2_shortlist_from_stage1,"{""feature__raw_pca"": 16, ""feature__set"": ""fft"", ""model__C"": 3.0, ""model__family"": ""svm"", ""model__gamma"": 0.01, ""model__metric"": null, ""model__n_neighbors"": null, ""scale__method"": ""robust""}",fft,16,robust,svm,,,3.0,0.01,"{""feature__raw_pca"": 16, ""feature__set"": ""fft"", ""model__C"": 3.0, ""model__family"": ""svm"", ""model__gamma"": 0.01, ""model__metric"": null, ""model__n_neighbors"": null, ""scale__method"": ""robust""}",stage2_cv,0,0.914375,1.345
stage1_059,stage2_shortlist_from_stage1,"{""feature__raw_pca"": 16, ""feature__set"": ""fft"", ""model__C"": 6.0, ""model__family"": ""svm"", ""model__gamma"": 0.01, ""model__metric"": null, ""model__n_neighbors"": null, ""scale__method"": ""robust""}",fft,16,robust,svm,,,6.0,0.01,"{""feature__raw_pca"": 16, ""feature__set"": ""fft"", ""model__C"": 6.0, ""model__family"": ""svm"", ""model__gamma"": 0.01, ""model__metric"": null, ""model__n_neighbors"": null, ""scale__method"": ""robust""}",stage2_cv,0,0.920625,1.92
stage1_101,stage2_shortlist_from_stage1,"{""feature__raw_pca"": 32, ""feature__set"": ""all"", ""model__C"": 6.0, ""model__family"": ""svm"", ""model__gamma"": 0.01, ""model__metric"": null, ""model__n_neighbors"": null, ""scale__method"": ""standard""}",all,32,standard,svm,,,6.0,0.01,"{""feature__raw_pca"": 32, ""feature__set"": ""all"", ""model__C"": 6.0, ""model__family"": ""svm"", ""model__gamma"": 0.01, ""model__metric"": null, ""model__n_neighbors"": null, ""scale__method"": ""standard""}",stage2_cv,1,0.935625,2.398
stage1_107,stage2_shortlist_from_stage1,"{""feature__raw_pca"": 32, ""feature__set"": ""all"", ""model__C"": 6.0, ""model__family"": ""svm"", ""model__gamma"": 0.01, ""model__metric"": null, ""model__n_neighbors"": null, ""scale__method"": ""robust""}",all,32,robust,svm,,,6.0,0.01,"{""feature__raw_pca"": 32, ""feature__set"": ""all"", ""model__C"": 6.0, ""model__family"": ""svm"", ""model__gamma"": 0.01, ""model__metric"": null, ""model__n_neighbors"": null, ""scale__method"": ""robust""}",stage2_cv,1,0.930625,1.835
stage1_065,stage2_shortlist_from_stage1,"{""feature__raw_pca"": 32, ""feature__set"": ""fft"", ""model__C"": 6.0, ""model__family"": ""svm"", ""model__gamma"": 0.01, ""model__metric"": null, ""model__n_neighbors"": null, ""scale__method"": ""standard""}",fft,32,standard,svm,,,6.0,0.01,"{""feature__raw_pca"": 32, ""feature__set"": ""fft"", ""model__C"": 6.0, ""model__family"": ""svm"", ""model__gamma"": 0.01, ""model__metric"": null, ""model__n_neighbors"": null, ""scale__method"": ""standard""}",stage2_cv,1,0.92875,1.718
stage1_071,stage2_shortlist_from_stage1,"{""feature__raw_pca"": 32, ""feature__set"": ""fft"", ""model__C"": 6.0, ""model__family"": ""svm"", ""model__gamma"": 0.01, ""model__metric"": null, ""model__n_neighbors"": null, ""scale__method"": ""robust""}",fft,32,robust,svm,,,6.0,0.01,"{""feature__raw_pca"": 32, ""feature__set"": ""fft"", ""model__C"": 6.0, ""model__family"": ""svm"", ""model__gamma"": 0.01, ""model__metric"": null, ""model__n_neighbors"": null, ""scale__method"": ""robust""}",stage2_cv,1,0.929375,1.687
stage1_089,stage2_shortlist_from_stage1,"{""feature__raw_pca"": 16, ""feature__set"": ""all"", ""model__C"": 6.0, ""model__family"": ""svm"", ""model__gamma"": 0.01, ""model__metric"": null, ""model__n_neighbors"": null, ""scale__method"": ""standard""}",all,16,standard,svm,,,6.0,0.01,"{""feature__raw_pca"": 16, ""feature__set"": ""all"", ""model__C"": 6.0, ""model__family"": ""svm"", ""model__gamma"": 0.01, ""model__metric"": null, ""model__n_neighbors"": null, ""scale__method"": ""standard""}",stage2_cv,1,0.92875,1.577
stage1_100,stage2_shortlist_from_stage1,"{""feature__raw_pca"": 32, ""feature__set"": ""all"", ""model__C"": 3.0, ""model__family"": ""svm"", ""model__gamma"": 0.01, ""model__metric"": null, ""model__n_neighbors"": null, ""scale__method"": ""standard""}",all,32,standard,svm,,,3.0,0.01,"{""feature__raw_pca"": 32, ""feature__set"": ""all"", ""model__C"": 3.0, ""model__family"": ""svm"", ""model__gamma"": 0.01, ""model__metric"": null, ""model__n_neighbors"": null, ""scale__method"": ""standard""}",stage2_cv,1,0.933125,2.088
stage1_082,stage2_shortlist_from_stage1,"{""feature__raw_pca"": 0, ""feature__set"": ""all"", ""model__C"": 3.0, ""model__family"": ""svm"", ""model__gamma"": 0.01, ""model__metric"": null, ""model__n_neighbors"": null, ""scale__method"": ""robust""}",all,0,robust,svm,,,3.0,0.01,"{""feature__raw_pca"": 0, ""feature__set"": ""all"", ""model__C"": 3.0, ""model__family"": ""svm"", ""model__gamma"": 0.01, ""model__metric"": null, ""model__n_neighbors"": null, ""scale__method"": ""robust""}",stage2_cv,1,0.926875,1.851
stage1_083,stage2_shortlist_from_stage1,"{""feature__raw_pca"": 0, ""feature__set"": ""all"", ""model__C"": 6.0, ""model__family"": ""svm"", ""model__gamma"": 0.01, ""model__metric"": null, ""model__n_neighbors"": null, ""scale__method"": ""robust""}",all,0,robust,svm,,,6.0,0.01,"{""feature__raw_pca"": 0, ""feature__set"": ""all"", ""model__C"": 6.0, ""model__family"": ""svm"", ""model__gamma"": 0.01, ""model__metric"": null, ""model__n_neighbors"": null, ""scale__method"": ""robust""}",stage2_cv,1,0.9275,1.355
stage1_095,stage2_shortlist_from_stage1,"{""feature__raw_pca"": 16, ""feature__set"": ""all"", ""model__C"": 6.0, ""model__family"": ""svm"", ""model__gamma"": 0.01, ""model__metric"": null, ""model__n_neighbors"": null, ""scale__method"": ""robust""}",all,16,robust,svm,,,6.0,0.01,"{""feature__raw_pca"": 16, ""feature__set"": ""all"", ""model__C"": 6.0, ""model__family"": ""svm"", ""model__gamma"": 0.01, ""model__metric"": null, ""model__n_neighbors"": null, ""scale__method"": ""robust""}",stage2_cv,1,0.92875,1.548
stage1_106,stage2_shortlist_from_stage1,"{""feature__raw_pca"": 32, ""feature__set"": ""all"", ""model__C"": 3.0, ""model__family"": ""svm"", ""model__gamma"": 0.01, ""model__metric"": null, ""model__n_neighbors"": null, ""scale__method"": ""robust""}",all,32,robust,svm,,,3.0,0.01,"{""feature__raw_pca"": 32, ""feature__set"": ""all"", ""model__C"": 3.0, ""model__family"": ""svm"", ""model__gamma"": 0.01, ""model__metric"": null, ""model__n_neighbors"": null, ""scale__method"": ""robust""}",stage2_cv,1,0.9325,1.844
stage1_070,stage2_shortlist_from_stage1,"{""feature__raw_pca"": 32, ""feature__set"": ""fft"", ""model__C"": 3.0, ""model__family"": ""svm"", ""model__gamma"": 0.01, ""model__metric"": null, ""model__n_neighbors"": null, ""scale__method"": ""robust""}",fft,32,robust,svm,,,3.0,0.01,"{""feature__raw_pca"": 32, ""feature__set"": ""fft"", ""model__C"": 3.0, ""model__family"": ""svm"", ""model__gamma"": 0.01, ""model__metric"": null, ""model__n_neighbors"": null, ""scale__method"": ""robust""}",stage2_cv,1,0.925625,1.587
stage1_064,stage2_shortlist_from_stage1,"{""feature__raw_pca"": 32, ""feature__set"": ""fft"", ""model__C"": 3.0, ""model__family"": ""svm"", ""model__gamma"": 0.01, ""model__metric"": null, ""model__n_neighbors"": null, ""scale__method"": ""standard""}",fft,32,standard,svm,,,3.0,0.01,"{""feature__raw_pca"": 32, ""feature__set"": ""fft"", ""model__C"": 3.0, ""model__family"": ""svm"", ""model__gamma"": 0.01, ""model__metric"": null, ""model__n_neighbors"": null, ""scale__method"": ""standard""}",stage2_cv,1,0.92875,1.66
stage1_047,stage2_shortlist_from_stage1,"{""feature__raw_pca"": 0, ""feature__set"": ""fft"", ""model__C"": 6.0, ""model__family"": ""svm"", ""model__gamma"": 0.01, ""model__metric"": null, ""model__n_neighbors"": null, ""scale__method"": ""robust""}",fft,0,robust,svm,,,6.0,0.01,"{""feature__raw_pca"": 0, ""feature__set"": ""fft"", ""model__C"": 6.0, ""model__family"": ""svm"", ""model__gamma"": 0.01, ""model__metric"": null, ""model__n_neighbors"": null, ""scale__method"": ""robust""}",stage2_cv,1,0.9275,1.071
stage1_094,stage2_shortlist_from_stage1,"{""feature__raw_pca"": 16, ""feature__set"": ""all"", ""model__C"": 3.0, ""model__family"": ""svm"", ""model__gamma"": 0.01, ""model__metric"": null, ""model__n_neighbors"": null, ""scale__method"": ""robust""}",all,16,robust,svm,,,3.0,0.01,"{""feature__raw_pca"": 16, ""feature__set"": ""all"", ""model__C"": 3.0, ""model__family"": ""svm"", ""model__gamma"": 0.01, ""model__metric"": null, ""model__n_neighbors"": null, ""scale__method"": ""robust""}",stage2_cv,1,0.92625,1.962
stage1_088,stage2_shortlist_from_stage1,"{""feature__raw_pca"": 16, ""feature__set"": ""all"", ""model__C"": 3.0, ""model__family"": ""svm"", ""model__gamma"": 0.01, ""model__metric"": null, ""model__n_neighbors"": null, ""scale__method"": ""standard""}",all,16,standard,svm,,,3.0,0.01,"{""feature__raw_pca"": 16, ""feature__set"": ""all"", ""model__C"": 3.0, ""model__family"": ""svm"", ""model__gamma"": 0.01, ""model__metric"": null, ""model__n_neighbors"": null, ""scale__method"": ""standard""}",stage2_cv,1,0.926875,2.121
stage1_053,stage2_shortlist_from_stage1,"{""feature__raw_pca"": 16, ""feature__set"": ""fft"", ""model__C"": 6.0, ""model__family"": ""svm"", ""model__gamma"": 0.01, ""model__metric"": null, ""model__n_neighbors"": null, ""scale__method"": ""standard""}",fft,16,standard,svm,,,6.0,0.01,"{""feature__raw_pca"": 16, ""feature__set"": ""fft"", ""model__C"": 6.0, ""model__family"": ""svm"", ""model__gamma"": 0.01, ""model__metric"": null, ""model__n_neighbors"": null, ""scale__method"": ""standard""}",stage2_cv,1,0.928125,1.354
stage1_058,stage2_shortlist_from_stage1,"{""feature__raw_pca"": 16, ""feature__set"": ""fft"", ""model__C"": 3.0, ""model__family"": ""svm"", ""model__gamma"": 0.01, ""model__metric"": null, ""model__n_neighbors"": null, ""scale__method"": ""robust""}",fft,16,robust,svm,,,3.0,0.01,"{""feature__raw_pca"": 16, ""feature__set"": ""fft"", ""model__C"": 3.0, ""model__family"": ""svm"", ""model__gamma"": 0.01, ""model__metric"": null, ""model__n_neighbors"": null, ""scale__method"": ""robust""}",stage2_cv,1,0.92,1.362
stage1_059,stage2_shortlist_from_stage1,"{""feature__raw_pca"": 16, ""feature__set"": ""fft"", ""model__C"": 6.0, ""model__family"": ""svm"", ""model__gamma"": 0.01, ""model__metric"": null, ""model__n_neighbors"": null, ""scale__method"": ""robust""}",fft,16,robust,svm,,,6.0,0.01,"{""feature__raw_pca"": 16, ""feature__set"": ""fft"", ""model__C"": 6.0, ""model__family"": ""svm"", ""model__gamma"": 0.01, ""model__metric"": null, ""model__n_neighbors"": null, ""scale__method"": ""robust""}",stage2_cv,1,0.923125,1.324
stage1_101,stage2_shortlist_from_stage1,"{""feature__raw_pca"": 32, ""feature__set"": ""all"", ""model__C"": 6.0, ""model__family"": ""svm"", ""model__gamma"": 0.01, ""model__metric"": null, ""model__n_neighbors"": null, ""scale__method"": ""standard""}",all,32,standard,svm,,,6.0,0.01,"{""feature__raw_pca"": 32, ""feature__set"": ""all"", ""model__C"": 6.0, ""model__family"": ""svm"", ""model__gamma"": 0.01, ""model__metric"": null, ""model__n_neighbors"": null, ""scale__method"": ""standard""}",stage2_cv,2,0.938125,1.947
stage1_107,stage2_shortlist_from_stage1,"{""feature__raw_pca"": 32, ""feature__set"": ""all"", ""model__C"": 6.0, ""model__family"": ""svm"", ""model__gamma"": 0.01, ""model__metric"": null, ""model__n_neighbors"": null, ""scale__method"": ""robust""}",all,32,robust,svm,,,6.0,0.01,"{""feature__raw_pca"": 32, ""feature__set"": ""all"", ""model__C"": 6.0, ""model__family"": ""svm"", ""model__gamma"": 0.01, ""model__metric"": null, ""model__n_neighbors"": null, ""scale__method"": ""robust""}",stage2_cv,2,0.938125,1.882
stage1_065,stage2_shortlist_from_stage1,"{""feature__raw_pca"": 32, ""feature__set"": ""fft"", ""model__C"": 6.0, ""model__family"": ""svm"", ""model__gamma"": 0.01, ""model__metric"": null, ""model__n_neighbors"": null, ""scale__method"": ""standard""}",fft,32,standard,svm,,,6.0,0.01,"{""feature__raw_pca"": 32, ""feature__set"": ""fft"", ""model__C"": 6.0, ""model__family"": ""svm"", ""model__gamma"": 0.01, ""model__metric"": null, ""model__n_neighbors"": null, ""scale__method"": ""standard""}",stage2_cv,2,0.93375,2.019
stage1_071,stage2_shortlist_from_stage1,"{""feature__raw_pca"": 32, ""feature__set"": ""fft"", ""model__C"": 6.0, ""model__family"": ""svm"", ""model__gamma"": 0.01, ""model__metric"": null, ""model__n_neighbors"": null, ""scale__method"": ""robust""}",fft,32,robust,svm,,,6.0,0.01,"{""feature__raw_pca"": 32, ""feature__set"": ""fft"", ""model__C"": 6.0, ""model__family"": ""svm"", ""model__gamma"": 0.01, ""model__metric"": null, ""model__n_neighbors"": null, ""scale__method"": ""robust""}",stage2_cv,2,0.9325,2.731
stage1_089,stage2_shortlist_from_stage1,"{""feature__raw_pca"": 16, ""feature__set"": ""all"", ""model__C"": 6.0, ""model__family"": ""svm"", ""model__gamma"": 0.01, ""model__metric"": null, ""model__n_neighbors"": null, ""scale__method"": ""standard""}",all,16,standard,svm,,,6.0,0.01,"{""feature__raw_pca"": 16, ""feature__set"": ""all"", ""model__C"": 6.0, ""model__family"": ""svm"", ""model__gamma"": 0.01, ""model__metric"": null, ""model__n_neighbors"": null, ""scale__method"": ""standard""}",stage2_cv,2,0.933125,1.557
stage1_100,stage2_shortlist_from_stage1,"{""feature__raw_pca"": 32, ""feature__set"": ""all"", ""model__C"": 3.0, ""model__family"": ""svm"", ""model__gamma"": 0.01, ""model__metric"": null, ""model__n_neighbors"": null, ""scale__method"": ""standard""}",all,32,standard,svm,,,3.0,0.01,"{""feature__raw_pca"": 32, ""feature__set"": ""all"", ""model__C"": 3.0, ""model__family"": ""svm"", ""model__gamma"": 0.01, ""model__metric"": null, ""model__n_neighbors"": null, ""scale__method"": ""standard""}",stage2_cv,2,0.933125,1.948
stage1_082,stage2_shortlist_from_stage1,"{""feature__raw_pca"": 0, ""feature__set"": ""all"", ""model__C"": 3.0, ""model__family"": ""svm"", ""model__gamma"": 0.01, ""model__metric"": null, ""model__n_neighbors"": null, ""scale__method"": ""robust""}",all,0,robust,svm,,,3.0,0.01,"{""feature__raw_pca"": 0, ""feature__set"": ""all"", ""model__C"": 3.0, ""model__family"": ""svm"", ""model__gamma"": 0.01, ""model__metric"": null, ""model__n_neighbors"": null, ""scale__method"": ""robust""}",stage2_cv,2,0.92875,1.247
stage1_083,stage2_shortlist_from_stage1,"{""feature__raw_pca"": 0, ""feature__set"": ""all"", ""model__C"": 6.0, ""model__family"": ""svm"", ""model__gamma"": 0.01, ""model__metric"": null, ""model__n_neighbors"": null, ""scale__method"": ""robust""}",all,0,robust,svm,,,6.0,0.01,"{""feature__raw_pca"": 0, ""feature__set"": ""all"", ""model__C"": 6.0, ""model__family"": ""svm"", ""model__gamma"": 0.01, ""model__metric"": null, ""model__n_neighbors"": null, ""scale__method"": ""robust""}",stage2_cv,2,0.936875,1.224
stage1_095,stage2_shortlist_from_stage1,"{""feature__raw_pca"": 16, ""feature__set"": ""all"", ""model__C"": 6.0, ""model__family"": ""svm"", ""model__gamma"": 0.01, ""model__metric"": null, ""model__n_neighbors"": null, ""scale__method"": ""robust""}",all,16,robust,svm,,,6.0,0.01,"{""feature__raw_pca"": 16, ""feature__set"": ""all"", ""model__C"": 6.0, ""model__family"": ""svm"", ""model__gamma"": 0.01, ""model__metric"": null, ""model__n_neighbors"": null, ""scale__method"": ""robust""}",stage2_cv,2,0.931875,1.513
stage1_106,stage2_shortlist_from_stage1,"{""feature__raw_pca"": 32, ""feature__set"": ""all"", ""model__C"": 3.0, ""model__family"": ""svm"", ""model__gamma"": 0.01, ""model__metric"": null, ""model__n_neighbors"": null, ""scale__method"": ""robust""}",all,32,robust,svm,,,3.0,0.01,"{""feature__raw_pca"": 32, ""feature__set"": ""all"", ""model__C"": 3.0, ""model__family"": ""svm"", ""model__gamma"": 0.01, ""model__metric"": null, ""model__n_neighbors"": null, ""scale__method"": ""robust""}",stage2_cv,2,0.929375,2.188
stage1_070,stage2_shortlist_from_stage1,"{""feature__raw_pca"": 32, ""feature__set"": ""fft"", ""model__C"": 3.0, ""model__family"": ""svm"", ""model__gamma"": 0.01, ""model__metric"": null, ""model__n_neighbors"": null, ""scale__method"": ""robust""}",fft,32,robust,svm,,,3.0,0.01,"{""feature__raw_pca"": 32, ""feature__set"": ""fft"", ""model__C"": 3.0, ""model__family"": ""svm"", ""model__gamma"": 0.01, ""model__metric"": null, ""model__n_neighbors"": null, ""scale__method"": ""robust""}",stage2_cv,2,0.925,2.7
stage1_064,stage2_shortlist_from_stage1,"{""feature__raw_pca"": 32, ""feature__set"": ""fft"", ""model__C"": 3.0, ""model__family"": ""svm"", ""model__gamma"": 0.01, ""model__metric"": null, ""model__n_neighbors"": null, ""scale__method"": ""standard""}",fft,32,standard,svm,,,3.0,0.01,"{""feature__raw_pca"": 32, ""feature__set"": ""fft"", ""model__C"": 3.0, ""model__family"": ""svm"", ""model__gamma"": 0.01, ""model__metric"": null, ""model__n_neighbors"": null, ""scale__method"": ""standard""}",stage2_cv,2,0.930625,1.692
stage1_047,stage2_shortlist_from_stage1,"{""feature__raw_pca"": 0, ""feature__set"": ""fft"", ""model__C"": 6.0, ""model__family"": ""svm"", ""model__gamma"": 0.01, ""model__metric"": null, ""model__n_neighbors"": null, ""scale__method"": ""robust""}",fft,0,robust,svm,,,6.0,0.01,"{""feature__raw_pca"": 0, ""feature__set"": ""fft"", ""model__C"": 6.0, ""model__family"": ""svm"", ""model__gamma"": 0.01, ""model__metric"": null, ""model__n_neighbors"": null, ""scale__method"": ""robust""}",stage2_cv,2,0.9225,1.06
stage1_094,stage2_shortlist_from_stage1,"{""feature__raw_pca"": 16, ""feature__set"": ""all"", ""model__C"": 3.0, ""model__family"": ""svm"", ""model__gamma"": 0.01, ""model__metric"": null, ""model__n_neighbors"": null, ""scale__method"": ""robust""}",all,16,robust,svm,,,3.0,0.01,"{""feature__raw_pca"": 16, ""feature__set"": ""all"", ""model__C"": 3.0, ""model__family"": ""svm"", ""model__gamma"": 0.01, ""model__metric"": null, ""model__n_neighbors"": null, ""scale__method"": ""robust""}",stage2_cv,2,0.924375,1.535
stage1_088,stage2_shortlist_from_stage1,"{""feature__raw_pca"": 16, ""feature__set"": ""all"", ""model__C"": 3.0, ""model__family"": ""svm"", ""model__gamma"": 0.01, ""model__metric"": null, ""model__n_neighbors"": null, ""scale__method"": ""standard""}",all,16,standard,svm,,,3.0,0.01,"{""feature__raw_pca"": 16, ""feature__set"": ""all"", ""model__C"": 3.0, ""model__family"": ""svm"", ""model__gamma"": 0.01, ""model__metric"": null, ""model__n_neighbors"": null, ""scale__method"": ""standard""}",stage2_cv,2,0.925,1.545
stage1_053,stage2_shortlist_from_stage1,"{""feature__raw_pca"": 16, ""feature__set"": ""fft"", ""model__C"": 6.0, ""model__family"": ""svm"", ""model__gamma"": 0.01, ""model__metric"": null, ""model__n_neighbors"": null, ""scale__method"": ""standard""}",fft,16,standard,svm,,,6.0,0.01,"{""feature__raw_pca"": 16, ""feature__set"": ""fft"", ""model__C"": 6.0, ""model__family"": ""svm"", ""model__gamma"": 0.01, ""model__metric"": null, ""model__n_neighbors"": null, ""scale__method"": ""standard""}",stage2_cv,2,0.925,1.365
stage1_058,stage2_shortlist_from_stage1,"{""feature__raw_pca"": 16, ""feature__set"": ""fft"", ""model__C"": 3.0, ""model__family"": ""svm"", ""model__gamma"": 0.01, ""model__metric"": null, ""model__n_neighbors"": null, ""scale__method"": ""robust""}",fft,16,robust,svm,,,3.0,0.01,"{""feature__raw_pca"": 16, ""feature__set"": ""fft"", ""model__C"": 3.0, ""model__family"": ""svm"", ""model__gamma"": 0.01, ""model__metric"": null, ""model__n_neighbors"": null, ""scale__method"": ""robust""}",stage2_cv,2,0.919375,1.375
stage1_059,stage2_shortlist_from_stage1,"{""feature__raw_pca"": 16, ""feature__set"": ""fft"", ""model__C"": 6.0, ""model__family"": ""svm"", ""model__gamma"": 0.01, ""model__metric"": null, ""model__n_neighbors"": null, ""scale__method"": ""robust""}",fft,16,robust,svm,,,6.0,0.01,"{""feature__raw_pca"": 16, ""feature__set"": ""fft"", ""model__C"": 6.0, ""model__family"": ""svm"", ""model__gamma"": 0.01, ""model__metric"": null, ""model__n_neighbors"": null, ""scale__method"": ""robust""}",stage2_cv,2,0.923125,2.012
stage1_101,stage2_shortlist_from_stage1,"{""feature__raw_pca"": 32, ""feature__set"": ""all"", ""model__C"": 6.0, ""model__family"": ""svm"", ""model__gamma"": 0.01, ""model__metric"": null, ""model__n_neighbors"": null, ""scale__method"": ""standard""}",all,32,standard,svm,,,6.0,0.01,"{""feature__raw_pca"": 32, ""feature__set"": ""all"", ""model__C"": 6.0, ""model__family"": ""svm"", ""model__gamma"": 0.01, ""model__metric"": null, ""model__n_neighbors"": null, ""scale__method"": ""standard""}",stage2_cv,3,0.930625,2.301
stage1_107,stage2_shortlist_from_stage1,"{""feature__raw_pca"": 32, ""feature__set"": ""all"", ""model__C"": 6.0, ""model__family"": ""svm"", ""model__gamma"": 0.01, ""model__metric"": null, ""model__n_neighbors"": null, ""scale__method"": ""robust""}",all,32,robust,svm,,,6.0,0.01,"{""feature__raw_pca"": 32, ""feature__set"": ""all"", ""model__C"": 6.0, ""model__family"": ""svm"", ""model__gamma"": 0.01, ""model__metric"": null, ""model__n_neighbors"": null, ""scale__method"": ""robust""}",stage2_cv,3,0.936875,1.86
stage1_065,stage2_shortlist_from_stage1,"{""feature__raw_pca"": 32, ""feature__set"": ""fft"", ""model__C"": 6.0, ""model__family"": ""svm"", ""model__gamma"": 0.01, ""model__metric"": null, ""model__n_neighbors"": null, ""scale__method"": ""standard""}",fft,32,standard,svm,,,6.0,0.01,"{""feature__raw_pca"": 32, ""feature__set"": ""fft"", ""model__C"": 6.0, ""model__family"": ""svm"", ""model__gamma"": 0.01, ""model__metric"": null, ""model__n_neighbors"": null, ""scale__method"": ""standard""}",stage2_cv,3,0.9275,1.717
stage1_071,stage2_shortlist_from_stage1,"{""feature__raw_pca"": 32, ""feature__set"": ""fft"", ""model__C"": 6.0, ""model__family"": ""svm"", ""model__gamma"": 0.01, ""model__metric"": null, ""model__n_neighbors"": null, ""scale__method"": ""robust""}",fft,32,robust,svm,,,6.0,0.01,"{""feature__raw_pca"": 32, ""feature__set"": ""fft"", ""model__C"": 6.0, ""model__family"": ""svm"", ""model__gamma"": 0.01, ""model__metric"": null, ""model__n_neighbors"": null, ""scale__method"": ""robust""}",stage2_cv,3,0.931875,1.628
stage1_089,stage2_shortlist_from_stage1,"{""feature__raw_pca"": 16, ""feature__set"": ""all"", ""model__C"": 6.0, ""model__family"": ""svm"", ""model__gamma"": 0.01, ""model__metric"": null, ""model__n_neighbors"": null, ""scale__method"": ""standard""}",all,16,standard,svm,,,6.0,0.01,"{""feature__raw_pca"": 16, ""feature__set"": ""all"", ""model__C"": 6.0, ""model__family"": ""svm"", ""model__gamma"": 0.01, ""model__metric"": null, ""model__n_neighbors"": null, ""scale__method"": ""standard""}",stage2_cv,3,0.9325,1.587
stage1_100,stage2_shortlist_from_stage1,"{""feature__raw_pca"": 32, ""feature__set"": ""all"", ""model__C"": 3.0, ""model__family"": ""svm"", ""model__gamma"": 0.01, ""model__metric"": null, ""model__n_neighbors"": null, ""scale__method"": ""standard""}",all,32,standard,svm,,,3.0,0.01,"{""feature__raw_pca"": 32, ""feature__set"": ""all"", ""model__C"": 3.0, ""model__family"": ""svm"", ""model__gamma"": 0.01, ""model__metric"": null, ""model__n_neighbors"": null, ""scale__method"": ""standard""}",stage2_cv,3,0.93625,2.303
stage1_082,stage2_shortlist_from_stage1,"{""feature__raw_pca"": 0, ""feature__set"": ""all"", ""model__C"": 3.0, ""model__family"": ""svm"", ""model__gamma"": 0.01, ""model__metric"": null, ""model__n_neighbors"": null, ""scale__method"": ""robust""}",all,0,robust,svm,,,3.0,0.01,"{""feature__raw_pca"": 0, ""feature__set"": ""all"", ""model__C"": 3.0, ""model__family"": ""svm"", ""model__gamma"": 0.01, ""model__metric"": null, ""model__n_neighbors"": null, ""scale__method"": ""robust""}",stage2_cv,3,0.93375,1.892
stage1_083,stage2_shortlist_from_stage1,"{""feature__raw_pca"": 0, ""feature__set"": ""all"", ""model__C"": 6.0, ""model__family"": ""svm"", ""model__gamma"": 0.01, ""model__metric"": null, ""model__n_neighbors"": null, ""scale__method"": ""robust""}",all,0,robust,svm,,,6.0,0.01,"{""feature__raw_pca"": 0, ""feature__set"": ""all"", ""model__C"": 6.0, ""model__family"": ""svm"", ""model__gamma"": 0.01, ""model__metric"": null, ""model__n_neighbors"": null, ""scale__method"": ""robust""}",stage2_cv,3,0.93375,1.246
stage1_095,stage2_shortlist_from_stage1,"{""feature__raw_pca"": 16, ""feature__set"": ""all"", ""model__C"": 6.0, ""model__family"": ""svm"", ""model__gamma"": 0.01, ""model__metric"": null, ""model__n_neighbors"": null, ""scale__method"": ""robust""}",all,16,robust,svm,,,6.0,0.01,"{""feature__raw_pca"": 16, ""feature__set"": ""all"", ""model__C"": 6.0, ""model__family"": ""svm"", ""model__gamma"": 0.01, ""model__metric"": null, ""model__n_neighbors"": null, ""scale__method"": ""robust""}",stage2_cv,3,0.933125,1.551
stage1_106,stage2_shortlist_from_stage1,"{""feature__raw_pca"": 32, ""feature__set"": ""all"", ""model__C"": 3.0, ""model__family"": ""svm"", ""model__gamma"": 0.01, ""model__metric"": null, ""model__n_neighbors"": null, ""scale__method"": ""robust""}",all,32,robust,svm,,,3.0,0.01,"{""feature__raw_pca"": 32, ""feature__set"": ""all"", ""model__C"": 3.0, ""model__family"": ""svm"", ""model__gamma"": 0.01, ""model__metric"": null, ""model__n_neighbors"": null, ""scale__method"": ""robust""}",stage2_cv,3,0.934375,1.84
stage1_070,stage2_shortlist_from_stage1,"{""feature__raw_pca"": 32, ""feature__set"": ""fft"", ""model__C"": 3.0, ""model__family"": ""svm"", ""model__gamma"": 0.01, ""model__metric"": null, ""model__n_neighbors"": null, ""scale__method"": ""robust""}",fft,32,robust,svm,,,3.0,0.01,"{""feature__raw_pca"": 32, ""feature__set"": ""fft"", ""model__C"": 3.0, ""model__family"": ""svm"", ""model__gamma"": 0.01, ""model__metric"": null, ""model__n_neighbors"": null, ""scale__method"": ""robust""}",stage2_cv,3,0.92875,1.66
stage1_064,stage2_shortlist_from_stage1,"{""feature__raw_pca"": 32, ""feature__set"": ""fft"", ""model__C"": 3.0, ""model__family"": ""svm"", ""model__gamma"": 0.01, ""model__metric"": null, ""model__n_neighbors"": null, ""scale__method"": ""standard""}",fft,32,standard,svm,,,3.0,0.01,"{""feature__raw_pca"": 32, ""feature__set"": ""fft"", ""model__C"": 3.0, ""model__family"": ""svm"", ""model__gamma"": 0.01, ""model__metric"": null, ""model__n_neighbors"": null, ""scale__method"": ""standard""}",stage2_cv,3,0.925625,1.68
stage1_047,stage2_shortlist_from_stage1,"{""feature__raw_pca"": 0, ""feature__set"": ""fft"", ""model__C"": 6.0, ""model__family"": ""svm"", ""model__gamma"": 0.01, ""model__metric"": null, ""model__n_neighbors"": null, ""scale__method"": ""robust""}",fft,0,robust,svm,,,6.0,0.01,"{""feature__raw_pca"": 0, ""feature__set"": ""fft"", ""model__C"": 6.0, ""model__family"": ""svm"", ""model__gamma"": 0.01, ""model__metric"": null, ""model__n_neighbors"": null, ""scale__method"": ""robust""}",stage2_cv,3,0.931875,1.065
stage1_094,stage2_shortlist_from_stage1,"{""feature__raw_pca"": 16, ""feature__set"": ""all"", ""model__C"": 3.0, ""model__family"": ""svm"", ""model__gamma"": 0.01, ""model__metric"": null, ""model__n_neighbors"": null, ""scale__method"": ""robust""}",all,16,robust,svm,,,3.0,0.01,"{""feature__raw_pca"": 16, ""feature__set"": ""all"", ""model__C"": 3.0, ""model__family"": ""svm"", ""model__gamma"": 0.01, ""model__metric"": null, ""model__n_neighbors"": null, ""scale__method"": ""robust""}",stage2_cv,3,0.93375,2.157
stage1_088,stage2_shortlist_from_stage1,"{""feature__raw_pca"": 16, ""feature__set"": ""all"", ""model__C"": 3.0, ""model__family"": ""svm"", ""model__gamma"": 0.01, ""model__metric"": null, ""model__n_neighbors"": null, ""scale__method"": ""standard""}",all,16,standard,svm,,,3.0,0.01,"{""feature__raw_pca"": 16, ""feature__set"": ""all"", ""model__C"": 3.0, ""model__family"": ""svm"", ""model__gamma"": 0.01, ""model__metric"": null, ""model__n_neighbors"": null, ""scale__method"": ""standard""}",stage2_cv,3,0.93375,2.053
stage1_053,stage2_shortlist_from_stage1,"{""feature__raw_pca"": 16, ""feature__set"": ""fft"", ""model__C"": 6.0, ""model__family"": ""svm"", ""model__gamma"": 0.01, ""model__metric"": null, ""model__n_neighbors"": null, ""scale__method"": ""standard""}",fft,16,standard,svm,,,6.0,0.01,"{""feature__raw_pca"": 16, ""feature__set"": ""fft"", ""model__C"": 6.0, ""model__family"": ""svm"", ""model__gamma"": 0.01, ""model__metric"": null, ""model__n_neighbors"": null, ""scale__method"": ""standard""}",stage2_cv,3,0.9325,1.389
stage1_058,stage2_shortlist_from_stage1,"{""feature__raw_pca"": 16, ""feature__set"": ""fft"", ""model__C"": 3.0, ""model__family"": ""svm"", ""model__gamma"": 0.01, ""model__metric"": null, ""model__n_neighbors"": null, ""scale__method"": ""robust""}",fft,16,robust,svm,,,3.0,0.01,"{""feature__raw_pca"": 16, ""feature__set"": ""fft"", ""model__C"": 3.0, ""model__family"": ""svm"", ""model__gamma"": 0.01, ""model__metric"": null, ""model__n_neighbors"": null, ""scale__method"": ""robust""}",stage2_cv,3,0.934375,1.377
stage1_059,stage2_shortlist_from_stage1,"{""feature__raw_pca"": 16, ""feature__set"": ""fft"", ""model__C"": 6.0, ""model__family"": ""svm"", ""model__gamma"": 0.01, ""model__metric"": null, ""model__n_neighbors"": null, ""scale__method"": ""robust""}",fft,16,robust,svm,,,6.0,0.01,"{""feature__raw_pca"": 16, ""feature__set"": ""fft"", ""model__C"": 6.0, ""model__family"": ""svm"", ""model__gamma"": 0.01, ""model__metric"": null, ""model__n_neighbors"": null, ""scale__method"": ""robust""}",stage2_cv,3,0.935625,1.365
stage1_101,stage2_shortlist_from_stage1,"{""feature__raw_pca"": 32, ""feature__set"": ""all"", ""model__C"": 6.0, ""model__family"": ""svm"", ""model__gamma"": 0.01, ""model__metric"": null, ""model__n_neighbors"": null, ""scale__method"": ""standard""}",all,32,standard,svm,,,6.0,0.01,"{""feature__raw_pca"": 32, ""feature__set"": ""all"", ""model__C"": 6.0, ""model__family"": ""svm"", ""model__gamma"": 0.01, ""model__metric"": null, ""model__n_neighbors"": null, ""scale__method"": ""standard""}",stage2_cv,4,0.944375,2.04
stage1_107,stage2_shortlist_from_stage1,"{""feature__raw_pca"": 32, ""feature__set"": ""all"", ""model__C"": 6.0, ""model__family"": ""svm"", ""model__gamma"": 0.01, ""model__metric"": null, ""model__n_neighbors"": null, ""scale__method"": ""robust""}",all,32,robust,svm,,,6.0,0.01,"{""feature__raw_pca"": 32, ""feature__set"": ""all"", ""model__C"": 6.0, ""model__family"": ""svm"", ""model__gamma"": 0.01, ""model__metric"": null, ""model__n_neighbors"": null, ""scale__method"": ""robust""}",stage2_cv,4,0.944375,1.872
stage1_065,stage2_shortlist_from_stage1,"{""feature__raw_pca"": 32, ""feature__set"": ""fft"", ""model__C"": 6.0, ""model__family"": ""svm"", ""model__gamma"": 0.01, ""model__metric"": null, ""model__n_neighbors"": null, ""scale__method"": ""standard""}",fft,32,standard,svm,,,6.0,0.01,"{""feature__raw_pca"": 32, ""feature__set"": ""fft"", ""model__C"": 6.0, ""model__family"": ""svm"", ""model__gamma"": 0.01, ""model__metric"": null, ""model__n_neighbors"": null, ""scale__method"": ""standard""}",stage2_cv,4,0.946875,2.341
stage1_071,stage2_shortlist_from_stage1,"{""feature__raw_pca"": 32, ""feature__set"": ""fft"", ""model__C"": 6.0, ""model__family"": ""svm"", ""model__gamma"": 0.01, ""model__metric"": null, ""model__n_neighbors"": null, ""scale__method"": ""robust""}",fft,32,robust,svm,,,6.0,0.01,"{""feature__raw_pca"": 32, ""feature__set"": ""fft"", ""model__C"": 6.0, ""model__family"": ""svm"", ""model__gamma"": 0.01, ""model__metric"": null, ""model__n_neighbors"": null, ""scale__method"": ""robust""}",stage2_cv,4,0.943125,2.085
stage1_089,stage2_shortlist_from_stage1,"{""feature__raw_pca"": 16, ""feature__set"": ""all"", ""model__C"": 6.0, ""model__family"": ""svm"", ""model__gamma"": 0.01, ""model__metric"": null, ""model__n_neighbors"": null, ""scale__method"": ""standard""}",all,16,standard,svm,,,6.0,0.01,"{""feature__raw_pca"": 16, ""feature__set"": ""all"", ""model__C"": 6.0, ""model__family"": ""svm"", ""model__gamma"": 0.01, ""model__metric"": null, ""model__n_neighbors"": null, ""scale__method"": ""standard""}",stage2_cv,4,0.943125,1.573
stage1_100,stage2_shortlist_from_stage1,"{""feature__raw_pca"": 32, ""feature__set"": ""all"", ""model__C"": 3.0, ""model__family"": ""svm"", ""model__gamma"": 0.01, ""model__metric"": null, ""model__n_neighbors"": null, ""scale__method"": ""standard""}",all,32,standard,svm,,,3.0,0.01,"{""feature__raw_pca"": 32, ""feature__set"": ""all"", ""model__C"": 3.0, ""model__family"": ""svm"", ""model__gamma"": 0.01, ""model__metric"": null, ""model__n_neighbors"": null, ""scale__method"": ""standard""}",stage2_cv,4,0.94375,1.951
stage1_082,stage2_shortlist_from_stage1,"{""feature__raw_pca"": 0, ""feature__set"": ""all"", ""model__C"": 3.0, ""model__family"": ""svm"", ""model__gamma"": 0.01, ""model__metric"": null, ""model__n_neighbors"": null, ""scale__method"": ""robust""}",all,0,robust,svm,,,3.0,0.01,"{""feature__raw_pca"": 0, ""feature__set"": ""all"", ""model__C"": 3.0, ""model__family"": ""svm"", ""model__gamma"": 0.01, ""model__metric"": null, ""model__n_neighbors"": null, ""scale__method"": ""robust""}",stage2_cv,4,0.936875,1.256
stage1_083,stage2_shortlist_from_stage1,"{""feature__raw_pca"": 0, ""feature__set"": ""all"", ""model__C"": 6.0, ""model__family"": ""svm"", ""model__gamma"": 0.01, ""model__metric"": null, ""model__n_neighbors"": null, ""scale__method"": ""robust""}",all,0,robust,svm,,,6.0,0.01,"{""feature__raw_pca"": 0, ""feature__set"": ""all"", ""model__C"": 6.0, ""model__family"": ""svm"", ""model__gamma"": 0.01, ""model__metric"": null, ""model__n_neighbors"": null, ""scale__method"": ""robust""}",stage2_cv,4,0.939375,1.208
stage1_095,stage2_shortlist_from_stage1,"{""feature__raw_pca"": 16, ""feature__set"": ""all"", ""model__C"": 6.0, ""model__family"": ""svm"", ""model__gamma"": 0.01, ""model__metric"": null, ""model__n_neighbors"": null, ""scale__method"": ""robust""}",all,16,robust,svm,,,6.0,0.01,"{""feature__raw_pca"": 16, ""feature__set"": ""all"", ""model__C"": 6.0, ""model__family"": ""svm"", ""model__gamma"": 0.01, ""model__metric"": null, ""model__n_neighbors"": null, ""scale__method"": ""robust""}",stage2_cv,4,0.943125,1.547
stage1_106,stage2_shortlist_from_stage1,"{""feature__raw_pca"": 32, ""feature__set"": ""all"", ""model__C"": 3.0, ""model__family"": ""svm"", ""model__gamma"": 0.01, ""model__metric"": null, ""model__n_neighbors"": null, ""scale__method"": ""robust""}",all,32,robust,svm,,,3.0,0.01,"{""feature__raw_pca"": 32, ""feature__set"": ""all"", ""model__C"": 3.0, ""model__family"": ""svm"", ""model__gamma"": 0.01, ""model__metric"": null, ""model__n_neighbors"": null, ""scale__method"": ""robust""}",stage2_cv,4,0.940625,2.349
stage1_070,stage2_shortlist_from_stage1,"{""feature__raw_pca"": 32, ""feature__set"": ""fft"", ""model__C"": 3.0, ""model__family"": ""svm"", ""model__gamma"": 0.01, ""model__metric"": null, ""model__n_neighbors"": null, ""scale__method"": ""robust""}",fft,32,robust,svm,,,3.0,0.01,"{""feature__raw_pca"": 32, ""feature__set"": ""fft"", ""model__C"": 3.0, ""model__family"": ""svm"", ""model__gamma"": 0.01, ""model__metric"": null, ""model__n_neighbors"": null, ""scale__method"": ""robust""}",stage2_cv,4,0.93875,2.195
stage1_064,stage2_shortlist_from_stage1,"{""feature__raw_pca"": 32, ""feature__set"": ""fft"", ""model__C"": 3.0, ""model__family"": ""svm"", ""model__gamma"": 0.01, ""model__metric"": null, ""model__n_neighbors"": null, ""scale__method"": ""standard""}",fft,32,standard,svm,,,3.0,0.01,"{""feature__raw_pca"": 32, ""feature__set"": ""fft"", ""model__C"": 3.0, ""model__family"": ""svm"", ""model__gamma"": 0.01, ""model__metric"": null, ""model__n_neighbors"": null, ""scale__method"": ""standard""}",stage2_cv,4,0.94625,1.69
stage1_047,stage2_shortlist_from_stage1,"{""feature__raw_pca"": 0, ""feature__set"": ""fft"", ""model__C"": 6.0, ""model__family"": ""svm"", ""model__gamma"": 0.01, ""model__metric"": null, ""model__n_neighbors"": null, ""scale__method"": ""robust""}",fft,0,robust,svm,,,6.0,0.01,"{""feature__raw_pca"": 0, ""feature__set"": ""fft"", ""model__C"": 6.0, ""model__family"": ""svm"", ""model__gamma"": 0.01, ""model__metric"": null, ""model__n_neighbors"": null, ""scale__method"": ""robust""}",stage2_cv,4,0.93625,1.073
stage1_094,stage2_shortlist_from_stage1,"{""feature__raw_pca"": 16, ""feature__set"": ""all"", ""model__C"": 3.0, ""model__family"": ""svm"", ""model__gamma"": 0.01, ""model__metric"": null, ""model__n_neighbors"": null, ""scale__method"": ""robust""}",all,16,robust,svm,,,3.0,0.01,"{""feature__raw_pca"": 16, ""feature__set"": ""all"", ""model__C"": 3.0, ""model__family"": ""svm"", ""model__gamma"": 0.01, ""model__metric"": null, ""model__n_neighbors"": null, ""scale__method"": ""robust""}",stage2_cv,4,0.93375,1.52
stage1_088,stage2_shortlist_from_stage1,"{""feature__raw_pca"": 16, ""feature__set"": ""all"", ""model__C"": 3.0, ""model__family"": ""svm"", ""model__gamma"": 0.01, ""model__metric"": null, ""model__n_neighbors"": null, ""scale__method"": ""standard""}",all,16,standard,svm,,,3.0,0.01,"{""feature__raw_pca"": 16, ""feature__set"": ""all"", ""model__C"": 3.0, ""model__family"": ""svm"", ""model__gamma"": 0.01, ""model__metric"": null, ""model__n_neighbors"": null, ""scale__method"": ""standard""}",stage2_cv,4,0.94375,1.568
stage1_053,stage2_shortlist_from_stage1,"{""feature__raw_pca"": 16, ""feature__set"": ""fft"", ""model__C"": 6.0, ""model__family"": ""svm"", ""model__gamma"": 0.01, ""model__metric"": null, ""model__n_neighbors"": null, ""scale__method"": ""standard""}",fft,16,standard,svm,,,6.0,0.01,"{""feature__raw_pca"": 16, ""feature__set"": ""fft"", ""model__C"": 6.0, ""model__family"": ""svm"", ""model__gamma"": 0.01, ""model__metric"": null, ""model__n_neighbors"": null, ""scale__method"": ""standard""}",stage2_cv,4,0.938125,1.403
stage1_058,stage2_shortlist_from_stage1,"{""feature__raw_pca"": 16, ""feature__set"": ""fft"", ""model__C"": 3.0, ""model__family"": ""svm"", ""model__gamma"": 0.01, ""model__metric"": null, ""model__n_neighbors"": null, ""scale__method"": ""robust""}",fft,16,robust,svm,,,3.0,0.01,"{""feature__raw_pca"": 16, ""feature__set"": ""fft"", ""model__C"": 3.0, ""model__family"": ""svm"", ""model__gamma"": 0.01, ""model__metric"": null, ""model__n_neighbors"": null, ""scale__method"": ""robust""}",stage2_cv,4,0.93375,1.39
stage1_059,stage2_shortlist_from_stage1,"{""feature__raw_pca"": 16, ""feature__set"": ""fft"", ""model__C"": 6.0, ""model__family"": ""svm"", ""model__gamma"": 0.01, ""model__metric"": null, ""model__n_neighbors"": null, ""scale__method"": ""robust""}",fft,16,robust,svm,,,6.0,0.01,"{""feature__raw_pca"": 16, ""feature__set"": ""fft"", ""model__C"": 6.0, ""model__family"": ""svm"", ""model__gamma"": 0.01, ""model__metric"": null, ""model__n_neighbors"": null, ""scale__method"": ""robust""}",stage2_cv,4,0.936875,2.096
